x,y,p
22.824821,17.491821,
-10.434727,4.134066,
8.846216,-41.97125,
-12.760421,59.936386,
10.510531,-25.575851,
-16.18463,58.590645,
-21.99522,-37.25716,
-33.527504,10.158862,
-1.0762687,62.309223,
33.19294,-20.230362,
-8.4941225,9.373585,
14.768242,-4.469072,
5.2796173,46.253357,
54.262486,-8.391905,
-2.3328695,-24.266115,
28.436617,-3.3212447,
28.43427,17.863256,
-18.587845,0.6672556,
-15.028771,1.0490849,
9.331486,-32.542034,0.0
12.711266,32.04089,
-21.064888,-31.720057,
-9.213246,16.666237,
43.974922,-8.241384,
1.4421048,3.673372,
0.28751242,-3.102232,
-13.135534,-45.699383,
-15.188867,-25.288998,
33.342316,-18.742289,
11.606417,32.560818,
-13.120536,-20.372173,
2.6352863,15.004514,
6.3982234,-26.841057,
-8.0327835,19.213991,
7.394099,-36.582954,
-25.321266,32.553417,
-42.60385,-20.550375,
7.7765803,-46.642265,
-10.571861,17.13141,
-1.3776557,11.723103,
32.52226,-16.544641,
-8.104706,72.72269,
-22.42329,-17.808342,
4.98159,-10.653945,
2.2167609,-23.425108,
-22.375626,58.595253,
7.559146,-24.715132,
-3.0400488,0.05264666,
-39.257317,-25.550344,
18.661715,10.0366125,
61.775917,0.123353325,
-9.579315,9.076457,
3.5924144,4.4302225,
-6.5169797,-8.9070635,
-33.31726,41.507236,
-4.6698294,-14.839026,
21.145403,38.276817,
35.076363,4.5216513,
-1.481042,-54.3654,
-15.920603,1.5841836,
13.408474,-1.7815952,
-9.3073,61.139374,
-17.204865,-44.116222,
-28.675547,-2.510977,
-25.999374,3.2924557,
13.781272,-52.177048,
19.583578,-6.677345,
-7.172159,-10.879052,
-10.718918,54.215176,
3.03595,3.117828,
-35.27696,8.301994,
-17.598232,1.0386481,
-23.376438,-4.474235,
-13.638436,-51.040592,
1.9626412,1.7722545,
34.935146,7.6968517,
-3.8213766,13.839792,
52.24925,-10.051763,
10.480157,61.964237,
-18.177797,-23.69312,
8.653595,-16.530691,
19.177221,6.3398695,
5.6905165,9.89898,
-18.686161,9.331279,
-13.355727,-36.28784,
10.861101,-35.510483,
-12.272973,-52.301365,
-4.391545,-47.18144,
4.316919,-1.6393222,
-31.167492,-16.674717,
22.938711,-9.296834,
-11.794828,-54.19698,
-6.7740827,-18.402765,
-19.577042,-25.3249,
-7.9050426,-13.27892,
18.91753,5.226396,
30.369047,-28.69488,
1.7548062,18.71982,
16.78748,-30.30381,
0.884113,8.04633,
-4.6811285,55.14455,
-42.351505,20.40353,
11.725373,4.2219605,
19.764957,1.6788751,
-17.270174,-40.83334,
-7.2999644,71.326744,
-37.607002,-37.174896,
30.883123,12.509076,
-21.10152,7.109826,
-14.814785,58.971317,
22.122879,-4.1699495,
6.34367,22.52778,
4.2099843,-19.491919,
26.804863,-0.13415745,
-2.310531,-62.298325,
-25.56026,-11.83,
-22.748251,-56.210213,
15.164411,-51.56281,
-11.430787,14.552887,
52.310696,-27.388872,
-14.881748,5.7725363,
3.87554,-48.68284,
27.812899,-31.00736,
-10.180378,60.141422,
-48.638348,-0.9585846,
-21.178162,-17.22429,
-13.635358,-7.761822,
-20.614395,9.736261,
4.1291203,-27.380354,
22.420414,44.795635,
16.717651,39.78758,
15.448314,-17.515245,
27.072721,12.434712,
29.459213,-33.02445,
-20.682941,53.494087,0.0
-0.06816617,66.79477,
44.72729,-35.07207,
31.742556,1.0266038,
-8.229139,-47.41499,
13.787191,-26.287327,
1.8248427,-3.430155,
2.997276,39.61387,
56.961334,18.05417,
-1.2846704,54.95359,
-4.195742,-60.062702,
7.260901,-7.1004667,
-6.414419,6.5568614,
-31.342945,-34.372166,
25.117527,5.1511645,
-3.9172094,51.90366,
-20.545368,53.56307,
32.822224,-3.8979013,
32.459568,-2.4348786,
3.7358956,2.1541104,
-19.62141,14.566533,
5.6201897,1.7641727,
6.585807,-8.555259,
-24.431837,33.059,
-17.578049,50.804317,
-13.744445,-66.87455,
31.068459,-7.383478,
16.917776,-27.48475,
-5.532773,7.8735495,
5.26385,-23.633204,
-17.230522,-5.917188,
-30.698336,-17.715315,
33.17824,3.293345,
-1.5855541,-6.900883,
32.008797,0.8048566,
-6.2296453,57.560184,
-20.207453,27.34634,
5.77971,2.2643783,
-29.717491,-12.492393,
-13.189927,53.678734,
-15.767353,-5.695303,
5.418345,-31.878284,
24.870476,37.73912,
-6.7545485,4.7181854,
25.354053,39.85939,
-5.776972,45.526577,
-9.304628,58.409878,
-13.151396,-53.0151,
-0.6274495,3.177386,
-42.2603,-9.258566,
4.963556,11.983755,
-43.184242,-20.82658,
22.845564,-6.3774805,
-14.118045,-29.979134,
26.474787,-4.973799,
-12.800602,-1.3278517,
-8.071775,-52.63717,
-11.065688,6.1420283,
-4.3091717,-58.71679,
3.6277835,0.38274062,
-13.747843,-53.771866,
-30.576218,31.745302,
-35.261723,7.2149854,
-2.5895467,5.968769,
2.2898903,-11.086949,
-6.1020875,11.667596,0.0
16.312454,-5.7939034,
-11.866325,-27.730682,
-15.082513,-17.112808,
-12.557483,16.519464,
-0.18407808,8.580723,
-50.8931,-0.9812146,
15.685729,-51.181366,
7.0630116,12.348199,
-18.381931,-43.89723,
-15.216189,-27.087288,
-15.002631,8.751192,
-14.688223,44.645645,
-9.712268,-50.92147,
-2.687852,-63.842396,
-30.70086,31.693514,
-39.142494,19.52086,
2.487299,-2.1473958,
2.2301342,-1.0904982,
-31.079105,30.39304,
-21.04432,7.471892,
16.745785,9.256524,
9.28048,-32.54643,
-12.000527,-22.229424,
-13.704548,-65.9664,
31.595924,2.2311087,
-25.264128,-47.478844,
-4.511183,-36.585342,0.0
-12.876781,-42.569878,
-39.89099,10.518838,
38.058258,5.8994284,
34.084805,-47.29555,
0.11881438,52.965126,
-10.883794,-55.65757,
-12.857482,58.551956,
-4.9574723,-0.37255037,
5.7683463,-45.169384,
-1.3636155,-2.2219481,
11.032904,-7.2369337,
-32.074417,56.400494,
-8.90639,1.1737974,
-2.2069566,6.7981205,
1.5592616,-55.291462,
43.97531,-8.256982,
32.134323,1.4852666,
16.845005,14.1289,
4.983675,-10.687352,
26.463913,-20.781183,
-12.406626,5.02826,
-18.627108,12.7566395,
21.284988,42.00232,
-21.136786,13.350832,
-3.92298,9.384192,
-18.754858,60.221066,
-5.9567475,-50.9019,
-7.670323,32.84935,
-8.920609,50.640713,
-11.277124,-29.522608,
-28.672363,1.3874743,
28.315462,27.089815,
-0.4256145,-56.679035,
31.386463,10.295885,
-14.084898,-14.783208,
7.646631,33.326115,
-8.888759,52.484158,
-13.164827,-35.254494,
4.379916,-32.611355,0.0
14.520691,-36.35026,
21.021055,-7.686191,
-11.794632,59.30844,
-2.4145873,4.988387,
-25.222845,7.619164,
-9.5825205,46.918858,
14.120607,9.041377,0.0
-59.415764,-7.1611233,
-43.23905,18.934631,
-54.273563,13.214078,0.0
25.36422,-30.858099,
1.2387992,66.8842,
1.1455917,62.258602,
1.7107584,8.589003,
-9.824241,-57.026016,
-19.25328,-16.882015,
8.659653,23.184635,
-12.281267,-20.598118,
-10.45947,-44.87418,
-4.723494,-44.392426,
12.377809,6.43695,
-13.571929,62.106197,0.0
6.5460258,23.930454,
7.2819414,7.6257606,
-5.3250494,58.03442,
-8.264814,-24.761667,
-6.902688,-42.848347,
3.4721572,-5.8216786,
-4.881857,1.8945671,
-10.314833,-31.240835,
36.82373,7.185585,
-7.1651707,73.577354,
21.550156,-33.234818,
5.03014,-22.121958,
21.554762,-41.537735,
17.742378,10.495645,
-15.184853,-9.892687,0.0
-2.5587645,7.4562697,
46.246468,1.9790226,
-19.713335,-29.873234,
-8.00094,-28.519611,
-17.965672,47.608257,
9.043048,-32.24394,
-16.155167,-0.16764472,
22.341825,-6.971656,
-8.913298,-34.167637,
35.07751,40.392006,
13.273749,-2.9698308,
2.9254804,-0.8553389,
-16.293835,-23.310701,
-35.896072,12.856495,
-0.46944925,54.7439,
-11.17305,37.36332,
44.052208,-8.606584,
-15.910851,-40.79059,
30.41979,-2.2705362,
-5.8133473,5.812818,
7.9647574,-23.56576,0.0
-12.621188,-3.5744882,
-13.867908,-44.12652,
-0.565255,-32.731483,
-5.745142,-32.159515,
22.941599,39.45711,
-6.8483915,10.342256,
35.556446,29.581667,
-38.810085,7.8758655,0.0
-42.75385,-22.134527,
7.339309,-10.487784,
46.378994,33.618904,
20.314436,10.278387,
-8.081516,-17.799414,
9.292113,8.213377,
1.9341347,8.392936,
18.805399,5.481707,
-10.974274,62.40263,
32.14255,-30.9303,
25.902819,-2.22298,0.0
-42.136436,-9.932712,
-34.2437,8.4656725,0.0
7.6953335,-30.723724,
2.231884,24.669628,
-31.509453,-31.872843,
21.857851,-2.9535553,
1.3799635,64.66272,0.0
31.933477,-18.289192,0.0
-6.5344057,-47.92742,
12.120278,5.1591153,
-8.210342,70.93653,
-0.053431477,-0.63179123,
-18.64904,-50.283924,
-6.394688,-0.6734785,
-20.915272,-19.6795,
21.73164,38.090393,
-37.352028,-24.558655,
-1.4772773,-54.086567,
-14.660114,44.614414,
-13.394872,-9.217391,
-5.5434566,4.8060255,
-6.043847,1.4934394,
-12.770577,-24.27512,
8.650855,-5.773532,
-39.07796,-40.50663,
47.603817,20.716013,
-13.17415,12.588181,
-4.803033,-60.8942,
-54.34154,12.921833,
-38.604523,5.0579906,
20.352484,40.9227,
6.2120867,2.3443265,
-20.407717,-30.874123,
28.09834,-22.368797,
58.118404,22.221603,
27.856209,-9.405115,
0.8697149,15.50856,
-18.398884,-15.9013,
-0.15834035,-12.629733,
6.0190187,14.864187,
-5.982669,-41.785896,
-11.618922,-49.171684,
46.61436,19.308767,
7.652863,21.630665,
-0.9396899,64.969154,
51.68222,-10.691114,
18.648697,-25.125813,
-12.406167,-2.8157594,
16.13878,-6.738759,
4.4636607,-17.326283,
15.447953,1.8381696,
-0.34119332,-20.284307,
-5.1357822,-59.052383,
28.518293,7.8974032,
-4.9773116,1.9180852,
-13.056156,-55.081875,
-0.33400023,-49.987514,
-6.2017274,-50.504467,
-11.381314,3.4542909,
27.859129,13.846545,
15.185757,12.079002,
3.1194596,64.13862,
-28.80848,-40.536213,
8.162665,8.801664,
9.356082,-67.05974,
37.885155,0.73221815,
27.406477,8.888135,
-9.644835,-3.2511356,
10.014666,37.498905,
-15.988012,32.647934,
24.174244,2.8951635,
-9.719201,54.081135,
-42.003063,-9.885006,
-14.203276,41.026768,
-4.7140317,9.156969,
-16.56366,15.658263,
24.146303,36.73818,
-10.202777,-12.684911,
28.713722,9.93498,
-0.73093766,15.725311,
-8.854375,-35.113064,
12.272854,-38.35737,
8.239451,-14.446186,0.0
-1.00673,-47.47461,0.0
17.437634,10.364028,0.0
45.395386,11.943148,
-13.04807,59.001484,
-7.389656,53.169197,
-6.0653086,51.687054,
-4.5621095,56.60524,
38.170467,27.345411,0.0
25.916275,27.673212,
-43.787613,-22.704971,
-15.796312,-44.77731,0.0
53.53395,-7.817121,
-35.456493,9.350823,
46.82597,20.195246,
-37.286785,3.4735131,
26.516218,-0.1711316,
17.058594,10.162006,
-4.6116953,34.451443,
-32.73674,-23.208914,
-39.16203,-41.024673,
8.963449,-12.1688385,
-22.255413,-34.18654,
7.4377556,2.0300295,
-8.742518,54.226078,
-15.686085,-3.195695,
29.21905,-38.49425,
-30.29988,6.8235626,
6.8737483,18.280193,
4.3152127,23.368917,0.0
54.94424,-12.255681,
6.13648,-11.42918,
22.4634,21.485344,
-18.574608,-12.150624,
-10.868522,9.990997,0.0
-12.861972,20.724356,
12.065237,44.246475,
-11.772589,-35.79106,
-31.80316,20.966673,
-12.362093,-33.260303,
-0.65080535,5.320965,
39.22264,-4.6457963,
31.062206,-30.435148,
-30.543928,56.280357,
23.83807,-4.8914433,
-10.293013,19.057274,
28.279205,3.8401098,
13.311816,-20.41068,
6.9125013,-29.071589,
-21.354475,-28.711382,
2.2832854,9.65196,
-3.7733593,10.246418,
14.538589,-35.45966,
-8.611577,10.969936,
16.811836,25.321398,
14.525245,-36.703777,
-20.834944,13.561601,
0.56219095,17.815384,
-10.158516,-38.780106,
-8.523052,12.210995,
-25.760536,4.237444,
22.952488,-18.92042,
-41.51331,-10.026132,0.0
25.227264,27.454887,
-39.855507,10.290023,0.0
-4.5376687,21.607563,
12.631434,-49.25067,
-23.841282,-0.02546505,
7.6371584,12.494606,
-12.972668,-3.8774831,
-3.6552818,0.51603264,
42.03626,-27.30177,
7.754599,-47.07127,
26.428514,-53.81605,0.0
11.660127,16.66634,
18.999372,38.75675,
15.960008,27.490519,
56.938217,18.298271,
-40.69003,1.1802185,
8.770756,-6.3543625,
-11.153538,53.414173,
25.312233,1.0687199,
-5.4507737,11.191362,
7.5476074,33.21723,
46.552635,-20.059052,
25.280466,33.973644,
-5.4967027,-26.513334,
6.1633472,-24.844194,0.0
-18.73408,54.751514,0.0
-4.2917433,-51.23529,
49.334545,3.7597275,
-38.80632,20.270906,
33.970585,-47.34238,0.0
10.4237995,22.481604,0.0
-8.94531,-37.43415,0.0
14.301992,-38.62201,
-15.876276,32.577843,
2.4670942,24.493408,
-0.6175887,8.204087,
-7.8003745,6.5776896,
33.610405,0.6941654,
-26.439152,0.51854616,
16.078468,16.691011,
-36.540234,10.423305,
14.249149,-51.94211,
-17.463818,58.50571,
-3.0482,18.028057,
5.7749906,-2.1537888,
9.31626,-45.710907,
22.651777,-10.742343,
-0.9720752,48.076626,
11.479476,-10.81848,
-28.739449,-40.586903,
21.661053,-14.559638,
23.970177,36.823986,
6.9567323,19.824715,
-22.184175,60.634808,
-11.735878,-26.89871,
2.1692824,64.154816,
-14.685539,-9.526658,
-18.752655,39.67103,
10.334647,16.875591,
-8.88966,-55.409195,
-22.39693,-54.40388,
7.787021,19.179493,
5.0105205,13.7490015,
-14.9029255,-4.5535827,
14.5165825,-34.15831,
4.9353395,17.3309,
-8.490928,-29.381208,
11.577922,18.368387,
-18.213726,33.93845,
2.3010793,-14.618881,
34.325005,1.6078264,
-6.6154046,2.4547958,
6.02302,20.692694,0.0
15.965415,9.121368,
-40.299576,11.149581,
-16.563305,9.977311,
19.664755,-1.0915824,
-14.314277,15.295778,
4.240853,-9.390813,
-30.458645,-24.124643,
1.9129303,-32.28264,
-32.72264,31.272623,
4.770228,19.033049,
14.96433,-21.608484,
-40.354324,-27.51429,
-13.037843,-28.568888,
-30.350485,-34.030136,
33.01998,-10.816789,
-5.5970063,-5.3216825,
-31.899996,31.337387,
37.250015,-6.4643254,
-15.272397,50.619076,
-4.970626,-16.335133,
-25.743822,24.044765,
-25.335207,32.55811,
16.67509,-28.989012,
1.2074698,-40.085674,
-36.15304,6.1568375,
21.443544,45.920048,
8.042168,3.906012,
16.486109,-21.998463,
20.932549,-27.813007,
-8.744211,-58.149227,
-1.6002891,7.9286237,
-42.465458,24.93993,
-12.993438,-4.7297945,
-15.895432,6.7409015,
12.255116,-3.8120477,0.0
-29.748663,-7.619471,
17.477774,32.283432,
1.4848653,2.2860167,
-16.565144,-8.109211,
0.012103749,-53.875637,
-18.986439,-21.170544,
22.928318,39.92163,
2.0234926,5.2069907,
3.5769024,-21.107471,
27.521036,11.84745,
-0.81081796,-14.21006,
-8.954851,63.393047,
-32.08942,56.38803,
11.897049,-24.875988,
4.2280207,5.9391384,
-42.251595,20.090633,
-15.124388,60.079514,
6.335,-14.480488,
-25.202393,-25.12066,
1.3319563,38.346012,
-17.100164,-6.490101,
11.375211,-9.172825,
32.79499,-16.905384,
30.793417,0.3143386,
11.0475645,-22.399626,
21.73732,12.700952,
-2.0989656,-34.851646,
10.617977,-59.095116,
1.6990077,-32.59184,
20.811153,6.4752617,
36.212044,-32.91644,
-1.0578768,25.16694,
9.961708,-7.694483,
38.77371,-6.780063,
3.6918883,65.765076,
14.424407,27.449852,
28.192995,11.659626,
36.408012,25.668936,
15.913736,-3.7263095,
4.9894214,-27.989386,
-21.42129,-12.874157,
-8.356841,14.36069,
-14.470244,40.5588,
-2.922624,-39.770107,
-11.36129,-34.721478,
7.5606585,-6.7118015,
-16.040186,-33.458477,
45.241837,-27.573978,
-6.8463516,46.121986,
29.587969,6.619065,
-6.5685763,-26.192287,
39.961056,-4.4500732,
-77.46596,59.900494,
-8.106944,56.358166,
52.638855,-9.91034,
21.256021,-42.56966,
-14.743514,60.795933,
10.794345,62.93388,
0.6043923,-10.888726,
13.499047,12.668056,
17.12361,38.100994,
29.820091,-38.359653,
-7.567976,16.640776,
-36.4319,3.059608,
20.562542,21.254175,0.0
18.937998,-26.503658,
-41.09101,-25.138355,
19.430965,-18.18707,
-25.478588,2.7242494,
8.6558,23.459047,
3.4872003,-27.857147,
20.04691,-27.307312,
46.54732,-20.039553,
39.106716,0.69220877,
21.723763,-28.99008,
6.4449844,-23.15633,
13.035966,-1.1419908,
46.376656,33.632812,
28.392067,13.304593,1.0
-10.542922,37.946316,
-43.014988,23.07241,
7.613646,-22.647139,
-19.77377,43.63644,
-3.6577458,58.280426,
-37.873295,8.205125,0.0
13.462025,-32.905552,
-42.226315,18.533302,
16.763964,24.999275,
3.8344507,21.60085,
-0.9359028,48.06889,
-1.633567,9.837146,
-5.404774,3.9221296,
17.77325,-36.062016,
5.1106033,6.9735913,
-0.65174264,-51.155296,
-39.33964,-41.02129,
4.9557276,10.75305,
0.24971662,-0.33046836,
11.716332,-25.780258,
-14.073549,-1.17636,
4.9309497,28.110899,
3.706173,-45.229248,
2.0400558,-35.183277,
-31.23527,32.300026,
-4.227302,6.83056,
49.184566,3.4691944,
35.87954,15.358728,
-15.255157,56.927757,
9.072659,-66.68314,
-3.8854458,-55.17631,
-17.89686,50.375652,
5.494984,-32.00732,
17.99045,-17.693274,
-17.349392,-34.345463,
-3.1888583,30.353167,
7.5880976,-0.47599033,
17.836723,17.064726,
28.236917,-37.34667,
1.175323,8.688291,
23.267326,17.967571,
-5.9820166,-8.460116,
-12.523699,-56.37573,
-0.41808337,-54.673378,
-5.678397,-28.167759,
1.1717149,63.930004,
3.734436,13.456914,
-11.047264,63.432575,
44.720882,-35.071392,
-27.535334,3.5308118,
1.0397692,-25.740486,
37.03532,-5.4863915,
-10.184379,60.62654,
-8.71459,57.65358,
-12.325453,-47.744022,
7.156545,0.48055193,
17.078104,44.918888,
17.150507,26.6644,
21.542479,1.498286,
21.200966,-16.381952,
13.839926,10.254943,
-10.693819,-4.7812233,
5.756557,11.442265,
-6.0069537,-59.757183,
19.786444,1.6227938,
57.26526,20.193403,
5.9389696,-49.579247,
-21.113302,-43.3429,
-18.080492,56.04163,
3.2489786,7.4903936,
-4.416843,-43.477448,
22.51608,36.04018,
-15.599386,-47.540413,
5.121031,-26.57888,
-11.974866,13.0831375,
-14.797573,-20.6285,
0.05654635,38.13171,
0.40912855,39.964622,
-10.010228,-0.15049914,
-42.933186,22.842281,
-11.048313,59.84562,
-29.861609,42.468384,
7.509336,-22.19493,
62.413376,2.1413214,
19.134056,-0.20911907,
-2.7134635,-50.428326,
55.093037,-11.474787,
-1.925379,-48.335506,
15.963869,-27.304808,
2.5735493,-2.037552,
-11.285524,-59.065456,
-15.827679,-29.923134,
34.26149,-17.091516,0.0
-12.044391,20.526154,
-32.94988,-25.493032,0.0
-3.506856,13.893057,
-14.285068,-67.2032,
10.230845,-22.983131,
-7.179921,54.188522,
24.00103,-0.8725619,
-33.448715,8.906943,
0.8171278,24.170458,
37.352688,-22.972523,
23.876476,36.47302,
-7.7825003,16.87644,
36.896065,0.36117947,
-0.4663122,9.659759,
42.302277,17.009905,
24.086205,-9.19674,
-15.749333,13.702411,
-17.868849,-34.21154,
-2.052921,-54.62565,
-35.59321,-10.912326,0.0
33.964138,5.3949046,0.0
-6.1890893,-19.522575,
-5.696218,59.07707,
27.65272,11.676875,
20.791883,3.4409292,
-13.076692,15.319625,
2.2782397,54.876556,
2.385717,62.28796,
-7.095025,55.301064,
16.27174,17.968523,
-2.634925,12.573772,
-48.310627,4.138252,0.0
5.0218835,20.034983,
26.687233,38.888687,
12.86577,5.326976,
1.9672502,23.014193,
31.675415,-29.128128,0.0
26.871824,-32.314434,
5.4726768,16.66014,
-11.017154,22.268229,
-0.8069016,-14.240102,
62.163754,0.86966664,
-4.2705173,-12.557049,
-32.76443,7.5670094,
-39.48127,14.067498,
-21.595915,-3.3027487,
18.20964,27.888388,
15.926078,-18.74829,
3.1292331,-53.485184,
1.1855277,-17.070034,
-9.986796,-34.319103,
-9.071167,72.154884,
-4.8299937,21.368591,
-6.219044,-3.1667671,
0.63733417,-11.056692,
46.89234,1.0498341,0.0
-9.773707,-18.08116,
-20.875124,-13.266411,
46.07238,-21.803247,
-30.069656,10.532685,
14.488637,-21.409195,
-9.432304,-44.79296,
-19.989666,-16.333714,
-4.3172994,-16.531752,
5.719341,25.192102,
-39.92234,-25.973497,
-2.1348255,11.221173,
-29.58105,18.769913,
-11.041065,55.369476,
6.569144,-24.757202,
0.8552539,54.737793,
30.627748,18.207138,
5.126241,47.22376,
-2.4090238,-20.48727,
-18.424305,-28.304571,
11.512572,13.898382,
13.213,4.912311,
-12.194318,59.53668,
-24.566814,32.397934,
-18.157948,-32.883095,
-8.628447,-11.146814,
-19.332642,44.30918,
19.949257,8.483603,
-6.0446286,46.183487,
34.31112,-29.528994,
-9.463776,15.824223,
9.209522,-48.061462,
-10.436845,-36.21175,
-3.0014474,2.3027089,
8.084415,27.62989,
15.696245,-14.263376,
-18.208614,5.5674167,
-4.367005,34.450035,
3.9463568,-21.380793,
14.751478,38.322018,
-17.063194,-42.29254,
12.46036,15.245488,
-16.325315,-29.71596,
31.494514,-32.19579,
-8.470309,58.424763,
20.933647,-42.493454,
-13.014609,-31.204884,
-17.204159,-45.802036,
-37.504227,7.5971737,
40.53692,17.714897,
-12.054975,17.75338,
-21.64358,-38.883125,0.0
23.144993,-42.128304,
17.377186,55.138763,
3.9508152,3.9420547,
0.5883387,19.654406,
-10.362858,-18.621157,
-3.3220344,4.2674007,
-17.218014,-44.25241,
-20.100065,-50.076534,
-1.1394548,9.015454,
-50.81748,0.39442316,
-5.9445,-5.180082,
-5.6756845,-30.183678,
-14.123873,-1.4688426,
31.768913,3.586988,
2.2658634,25.417593,0.0
-7.4842057,-50.558685,0.0
-3.5047233,10.968953,
56.826134,20.08344,
28.57937,3.7500663,
-30.777342,4.8787336,
1.2882091,66.3019,
-30.641035,-47.77452,
26.088194,37.14453,
-31.434126,16.006788,
12.885154,41.07533,
-19.71195,27.105211,
-13.384098,58.424652,
13.573926,11.577845,
-9.332563,10.895953,
28.942915,10.1705,
20.591923,-25.867794,
-0.06864804,-10.8305025,
11.918471,-2.1680863,
-16.887571,-4.7456474,
-8.802867,-56.5462,
-14.653007,44.62064,
3.8912218,25.115406,
31.397793,-0.6685589,
-14.558504,-32.848568,
9.577626,12.164844,
7.803605,7.713137,
-9.860706,-48.648327,
13.244326,-4.4235497,
22.209476,40.518177,
-16.136442,32.748688,
-41.543385,-11.573301,
-10.437951,-55.15625,0.0
9.488186,-18.571833,
-8.674548,-4.751385,
3.866718,-58.227898,
-2.7013795,-56.730633,
21.097889,22.259258,
-43.127445,34.005493,
-7.727464,71.05379,0.0
-15.404868,-31.266636,
11.929863,-1.4234087,
37.935177,-15.66316,
1.1468953,0.58155525,
-3.8410916,33.536545,
30.924126,17.66948,
-43.820637,34.645576,
0.5321102,-6.6571493,
-4.271688,-7.7061205,
-54.140133,-21.394276,
-18.381664,5.280702,
2.7106323,6.14324,
22.271265,42.30431,
-9.545065,-17.383066,
14.310357,-10.574996,0.0
45.062977,-23.896147,
-6.3713684,-32.606693,
-5.5163107,-58.893074,0.0
-7.0260506,-37.43162,
-4.9505115,-56.94173,
3.1407053,-9.569408,
11.541586,10.4375105,
-12.117192,60.984386,
58.16723,20.560707,
5.2761393,8.933544,
-16.489998,-33.252167,
-17.701477,-23.95959,
10.981766,19.384443,
-9.034299,52.62317,
-5.933416,-56.71754,
28.771141,-2.1175783,
-9.266855,-21.41484,
0.5437694,-56.072567,
32.624252,3.0926795,
10.863082,-18.189674,
19.977598,-18.768124,
27.13332,2.9762468,
-11.100855,58.959526,
3.3434725,10.981013,
36.96027,27.769007,
-30.864637,11.580099,
19.007776,39.606735,
-9.422086,-58.426952,
-1.7679431,0.06989295,0.0
16.010277,7.2504387,
-31.778332,-26.53052,
12.523825,4.032147,
33.01644,-10.794408,
-0.5940678,-1.3625851,
-7.1322966,-8.916848,
7.584911,-17.800655,
4.070632,5.6187534,
11.829584,5.7786837,
-11.473751,-41.56871,
-2.4333763,-34.854115,
-17.744663,17.709751,
10.337843,-16.469969,
35.474518,26.182133,
-9.033111,-13.608053,
13.907222,3.9057353,
8.9529915,-66.59582,
-33.09548,32.615948,
-4.659838,-14.913888,
-0.4175543,-5.4204836,
8.108824,-0.97996217,
-43.28014,34.574013,
8.764197,-28.13273,
43.06265,-28.54625,
-13.564038,5.745945,
-11.406969,-1.5003207,
-19.53819,-0.17446546,
15.386471,-0.14669631,
-8.818929,-24.92314,
-18.471401,-12.853692,0.0
17.562302,55.030464,
-0.8841625,23.467163,
11.664732,-24.986101,
-20.73454,9.369804,
18.394981,28.033726,
12.487366,-31.938816,
-2.3193805,-11.036238,
28.426672,4.9797688,0.0
3.5653448,41.949875,
3.555901,42.36486,
-10.551226,-54.00875,
-9.161816,-30.86724,
-10.50176,32.631275,
0.040114015,-37.73673,
-6.9946647,-14.450616,
2.227267,39.590694,
4.433775,9.502041,
3.6032455,-23.293406,
6.691013,7.669948,
9.818776,0.81397945,
-8.499843,12.035869,
6.409355,-51.633457,
12.662492,15.257925,
-12.446043,-28.70805,
6.290759,-50.741577,
-2.6646166,2.1994956,
-14.028996,41.273445,
-19.933228,20.274143,
-18.862946,-40.750385,
11.50284,-1.4217153,
-8.324081,3.711698,
-4.32247,-27.419378,
-29.261955,11.149747,
-12.826532,43.165077,
-3.172369,-21.607445,
14.56165,-23.705988,
56.405052,19.328045,
-15.052008,-41.881844,
-9.403223,72.05134,
-26.493544,-20.76609,
-18.8358,57.807762,
0.57144356,10.064566,
-16.856644,-22.204443,
-11.440985,8.507832,
3.5048895,-29.963013,
12.0111885,-5.4291596,
-0.4068083,10.103605,
-2.2897406,9.671147,
5.4963636,46.157818,
-13.652764,29.669884,
23.903854,7.378067,
6.8151126,-35.208176,
55.769592,20.162992,
-20.66332,20.029507,
-10.551172,-29.350286,
-16.486328,-23.14911,
37.2162,3.3628838,
-1.1807168,-40.383877,
3.249801,-7.0771265,
-12.413127,-38.10558,
25.251675,33.99342,
-8.130396,-48.82391,
-3.1265244,-37.963303,
-24.50003,3.8965735,
-17.596718,15.537245,
-31.71627,-9.39696,
-5.4119506,-9.861635,
20.55684,-23.056728,
2.813208,21.363106,
46.873695,20.138796,
20.666029,8.410074,
-14.157964,42.669277,
-0.25478014,-44.958744,
32.705597,-0.46727678,
3.6459525,-25.134674,
-2.4251733,-27.631327,
8.857715,-24.875145,
0.20918348,-41.556732,
-2.188891,1.9002508,
-21.99245,-38.690544,
-13.576884,17.182335,
-29.76156,32.445972,
6.303468,-0.87920976,
-31.100756,33.360325,
-11.125766,56.84293,
26.88346,-31.059855,
-2.014859,29.639093,
-4.5688453,57.015312,
10.290143,24.981483,
23.0409,35.651966,0.0
37.173836,-1.5222725,
-8.900862,26.750006,
50.53371,0.93810254,
35.84029,-5.3178267,
10.060707,-0.56615454,
-20.43926,-15.036163,
-9.062793,-45.14607,
-31.416111,16.016125,
-6.3410897,1.5830715,
44.186028,-23.689316,
-16.10581,-31.096298,
-28.79255,17.746733,
33.48292,-4.5347075,
-0.4580805,-57.300735,
0.7214958,64.17154,
2.480615,37.243416,
9.42464,-21.829767,
10.937932,-3.1219811,
6.6280723,-15.684749,
4.8166995,-31.68189,
15.446767,-17.26914,
46.37303,33.65903,
-41.378654,19.254494,
42.733467,-28.402077,
-6.7409525,36.76129,
-5.00763,55.90761,
7.349923,-3.576619,
-43.425457,-21.772577,
30.527943,13.035987,
6.4988375,-28.401619,
14.2005825,5.1035156,
-12.697328,-57.760952,
-6.622517,15.233167,
-0.39606357,-25.06937,
-2.509812,-30.484013,
3.217698,65.87993,
-50.58102,-12.376917,
3.2313337,20.131227,
-11.482579,-0.03826274,
-4.81474,-33.5741,
-4.129993,-52.822918,
-7.738592,-55.438534,
-22.712486,-4.7601542,
14.99879,-0.35875347,
-1.8534087,-0.18788187,
-8.434488,71.510124,
12.556002,-49.272243,
-10.5024605,-21.339413,
8.367953,-42.17563,
-23.386656,-14.417851,
10.073571,10.971278,
-4.572947,-11.999217,
29.304312,11.912351,
0.58657223,1.4289918,
21.747244,39.121517,
9.824659,-1.884531,
22.232431,-42.82245,
13.784894,4.606138,
-47.52508,3.9396956,
-16.915485,68.268456,
8.761536,-24.959509,
-33.30862,41.512264,
2.691564,-24.68335,
-14.104891,17.129671,
17.088684,1.6063977,
3.074732,24.478275,
-19.700983,15.742062,
-12.167379,58.632595,
-9.137678,-59.84549,
-31.772678,-25.322153,
2.3771105,3.9906116,
2.8842218,9.075686,
-7.43387,-16.136501,
-9.866142,-8.310393,
26.691973,18.537867,
21.181875,-18.281769,0.0
21.315159,-5.5258245,
-14.038695,-41.9641,
0.9382749,-2.8122654,
-6.186795,-23.676855,
-50.61049,-11.808926,
-24.306978,14.334577,
-11.955716,3.3645422,
-39.168068,-21.11445,
23.898178,-5.083828,
-22.11886,11.783927,
8.414596,-21.190372,
5.2729354,23.539238,
2.8628502,65.029755,
-41.897038,-10.857473,
-11.750313,-30.332829,
36.95845,26.119688,
-2.6427078,-48.783657,
7.5130215,21.964907,
-40.965897,1.536342,
-3.1472962,-26.010406,
-11.295158,57.95788,
-18.811762,-5.0683794,
-9.554045,-42.850334,0.0
7.480384,-47.166527,
-18.381886,-4.170337,
45.50536,-23.120934,
-23.083502,-56.961834,
17.863546,38.217537,
4.386652,-34.79101,
54.3267,-8.421311,
-30.396221,-39.78733,
-4.6275697,6.792701,
18.524464,41.70392,
11.5781,17.547407,
-10.396993,55.92907,
46.284885,34.324734,
-9.49424,-56.785797,
2.6852217,21.582333,
-16.114435,56.157043,
-34.230324,10.331504,
5.5914855,-23.03623,
18.046984,-17.695772,
10.121606,-30.468075,
-6.103086,27.784536,0.0
37.384567,-22.983086,
-1.2575823,-8.9836235,
1.3552918,-19.338438,
34.513283,11.926575,
3.578194,39.077805,
-11.507546,-47.33343,
12.639154,-29.418066,
2.3249452,-43.431526,
30.329489,-16.291475,
3.935686,12.378894,
1.7622122,22.73758,
-0.8865801,21.84788,
-12.221073,9.317466,
25.886929,13.775581,
-0.862505,6.5323515,
-13.935944,3.712787,
-3.8961058,-43.613506,
25.002926,-14.165791,
-11.70655,-35.8159,
-1.5740582,4.075031,
28.042847,-32.37061,
-10.106242,8.642905,
3.8460834,63.318882,0.0
13.2663355,-17.221163,
-0.07589249,62.842438,
22.129478,-6.349783,
-12.80962,63.072594,
55.038925,-13.945967,
-9.388099,54.590828,
-23.513796,15.080107,
-5.743825,18.356672,
29.95804,-15.803228,
-2.9933653,-18.475574,
52.2349,-10.264423,
-5.487222,-39.004456,
-17.511747,14.589963,
-3.514324,4.16898,
-10.428978,55.66261,
-42.06826,-24.086014,
12.800728,-51.804546,
-10.460245,-10.184146,
4.083094,25.1838,
-43.841568,22.71869,
0.3997106,-41.61897,
-28.312214,16.870914,
-7.2148337,-8.609062,
-31.20995,56.095592,
8.4277935,5.7262516,0.0
-6.9006248,-14.4918585,
4.7635775,23.647335,
-23.414707,15.162138,
-10.9216585,-17.072968,
-37.6358,9.090656,
-19.339523,12.01333,0.0
17.217352,14.427234,
14.724058,-2.0783646,
10.0210705,-24.167276,
-15.215919,-32.950405,
-13.803934,14.961792,
12.028441,-15.356967,
-13.70479,-15.631935,
-24.695225,-5.9755025,
13.111761,9.175275,
-30.78525,-41.510998,
16.963984,45.021988,
-16.175581,-11.528316,
-61.170464,-8.689522,
-16.969011,61.070248,
0.6815262,-12.72544,
10.455555,62.47311,
-1.5484493,13.669376,
0.10270486,-18.909328,
-14.593722,2.0934863,
17.223835,55.347126,
-17.76925,-51.6431,
-31.636105,-3.4077814,
-18.258556,-4.594386,
10.322191,5.862029,
8.781034,7.067878,
4.360513,20.64893,
5.079843,-0.086796165,
-2.2605793,-63.60053,
41.747032,18.012016,
13.313,-12.2673025,
2.47017,13.438818,
-1.1765006,-53.58352,
-6.4765778,-13.349475,
-50.63287,-11.408402,
-14.539597,22.770054,
-54.450813,12.04755,
-7.1731005,57.737907,
-16.083498,18.598318,
45.65785,-27.808771,
-14.52964,-43.80184,
-6.9343786,-36.159668,
-16.665237,68.040535,
17.769094,-2.7231536,
12.294218,31.753057,
-34.750748,13.089676,
-10.3213415,-38.437416,
13.765188,-38.868847,
-11.269775,-36.303707,
8.625412,-22.046658,
28.68068,-3.5162842,
1.7486466,26.207872,
30.852575,-31.09236,
30.948809,-8.216673,
-7.9313083,56.621017,
-9.620516,38.71583,
2.475719,-9.833172,
-25.746988,24.022837,
-33.892887,10.0554495,
-9.60376,-33.68287,
47.39494,19.813934,
16.529146,37.56514,
15.912381,-19.197395,
-1.508013,-7.4639544,
-8.853445,55.61254,
20.723806,-50.32467,
-43.80782,-19.844732,
-7.3603578,-55.392525,
37.312443,-22.986504,
3.5745957,39.240585,
-1.9207894,-38.144547,
-10.715539,16.438694,
24.989815,4.978277,
4.2860804,-35.145145,
40.925083,-4.026187,
44.54667,-13.522755,
0.6542474,13.164824,
19.873068,41.65584,
-5.090206,-46.910713,
-4.289607,-37.42181,
-8.028392,48.505165,
-14.960418,-26.641806,
31.372688,9.285909,
-13.373225,61.71066,
-42.7922,-23.77733,
6.343317,-8.802473,
-13.973257,10.169451,
30.1028,-29.987747,
61.255344,2.147329,
44.724564,1.8702755,
4.370551,15.508732,
-6.726219,-42.724285,
46.270275,34.487247,
56.76276,-11.59974,
9.957064,-11.891072,
2.7489665,22.155714,
13.558522,-52.328873,
-14.558124,53.005306,
-1.7896765,64.96838,
-21.462305,7.882329,
10.124532,37.544647,
-10.229298,-40.252537,
-14.903814,53.992176,
-8.700904,26.89048,
19.294518,44.854076,
60.71921,3.4885347,
-4.900257,-13.695035,
-28.506779,-15.706787,
-32.858765,-23.438248,
3.5528212,-8.415252,
-22.170858,-43.16409,
-12.545377,-27.056961,
-14.068899,19.416899,
3.1713877,12.452155,
-15.989479,-20.653275,
33.804268,-30.986357,
-14.87343,18.205288,
4.713161,-25.885828,
0.33210298,-26.468727,0.0
-17.304077,50.535374,
3.1224372,-27.227196,
14.1821995,-34.356716,
3.1844904,17.516409,
7.1676087,25.086857,
-15.278957,62.69276,0.0
-13.461593,-19.316229,
5.991861,44.88117,
1.1197443,6.5015235,
52.271652,-10.803755,
4.619904,-13.757772,
13.105298,31.971249,
28.013557,-30.772964,0.0
12.580077,-61.102142,
-8.684671,7.345926,
19.633572,-14.81874,
-39.485203,19.587662,
-21.064495,-29.776165,
-2.1371682,-45.589508,
-11.564438,-43.821182,
-2.7206964,17.90616,
-6.8243203,-20.540298,
4.3434367,9.36337,
12.1423645,0.860663,
20.178406,39.98124,
55.474483,-11.163583,
-10.283229,14.981102,0.0
-2.9322007,-21.116192,
-43.452827,23.544634,
7.503014,-18.067322,
14.441918,-13.897324,
7.179487,-43.003567,
-60.446236,-7.291521,
-29.3049,-41.925755,
-9.403904,14.294142,
1.63167,-27.165857,
12.79406,15.118336,
37.16463,-6.1944785,
-10.74777,8.210925,0.0
0.70936155,69.48456,
-17.909021,-57.018265,
-20.10516,-32.00294,
34.5661,0.38608426,
51.525326,-12.39715,
-4.790383,-41.298065,
-37.893494,6.8534665,
45.562675,-23.142399,
5.4770565,-22.635592,
-4.837197,53.261703,0.0
-24.95603,-4.3330426,
15.091911,1.5320569,0.0
-0.10902584,-43.38489,
0.774781,63.544647,
13.475759,-31.05029,
-15.163176,59.821888,
10.107321,-25.82523,
3.276347,-18.48894,
-19.615639,56.487087,0.0
-16.386738,-31.359009,0.0
15.481986,-25.273302,
7.871238,6.8832645,
0.2065204,14.282658,
-39.130547,-21.146587,
62.688663,2.5005019,
10.935863,1.1433417,
14.817214,-2.7328687,
-6.4326553,-43.721714,
-1.7256148,-26.243706,
-37.11018,5.844651,
-29.833395,-17.675425,
6.888856,9.451963,0.0
-17.401201,13.887395,
-42.79622,-20.635721,
10.613907,-28.27957,0.0
-4.485392,-22.277529,
24.226843,43.804916,
28.629234,-3.9449847,
16.967047,17.377363,
14.756719,10.219941,
55.696693,20.91776,
0.067730464,-4.6361275,
9.04255,-9.595493,
-12.753718,62.265892,0.0
-22.44523,-38.651176,0.0
11.622142,-45.734917,1.0
31.655533,-29.964508,
-37.006775,4.732348,
-25.249529,-48.297695,
-39.86354,-40.046722,
-8.202192,-0.84159774,
20.346071,-7.179945,
11.230729,-25.678272,
-31.5152,-3.2775345,
-17.289253,-53.19769,
15.046346,-32.38068,
-54.146046,-21.072866,
36.329784,26.059946,
-1.215787,63.53396,
8.012802,17.526028,
-20.925587,-19.523125,
-25.733303,24.04936,
-1.4860148,15.188776,
-4.843874,-18.928669,
26.271313,37.13554,
47.868217,-0.079901405,
21.575884,-42.609703,
-8.750226,56.92057,
-12.508516,14.653483,
-30.713049,32.00732,
-25.225548,7.5740824,
7.1690297,13.45851,
54.79734,-10.46275,
-39.244534,-26.97529,
-11.851948,-54.395966,
5.2711225,46.07076,
-8.017276,15.514443,
-9.025745,59.466118,
12.700995,41.967674,
-42.902912,-21.131575,
-15.714535,17.347673,
-0.21287125,12.184482,
-11.221547,8.072772,
-8.577197,-55.84837,
13.873502,-22.58175,
12.463553,-31.829266,
0.12151194,4.580642,
28.26031,27.175365,
-1.9425949,-3.3481483,
28.239271,-0.0040284693,
-16.981194,-15.130829,
-32.0071,20.240034,
-3.2023153,-36.25791,
54.79767,-10.671197,
12.03957,2.1754634,
-27.57516,-42.05524,
-15.815596,-49.459873,
36.70146,6.51776,
21.034351,2.0715604,
6.9770885,19.501987,
-36.747528,-25.200457,
-27.005304,-9.459542,
-14.918018,-19.295267,
-39.571125,8.380451,
10.9609585,15.044441,
1.0710875,5.2515054,
8.615971,20.123241,
0.18817908,68.38185,
0.39056537,-63.556343,
16.224646,12.411213,
2.01583,38.9984,
-21.142435,-20.581173,
3.1924796,28.341951,
-2.2140543,-62.279877,
32.368053,-16.216162,
-10.268427,-22.914186,
46.4835,18.935255,
-23.029346,-9.398524,
0.7125176,7.279254,
18.123615,-12.758626,
-12.230706,-19.597055,
32.987778,-31.407633,
-15.847261,50.954502,
-2.7475612,-7.268866,
29.828465,-37.38255,
-2.6545565,-40.13777,
-9.743098,25.938522,
20.294947,-27.4362,
26.559595,8.209084,
17.699844,45.00263,
-13.089663,-66.24383,
21.323734,41.380924,
41.90992,19.037958,
-7.114681,57.42963,
1.7954172,6.6189213,
-27.469343,-15.2372675,
20.384527,-0.9618282,
-15.245128,8.713106,
-0.7423287,-29.58894,
-43.96348,21.534786,
2.2041416,-56.38294,
0.46959087,9.042407,
22.53072,45.139854,
-42.36338,-9.513431,
-1.5854504,13.745273,
-7.9845634,59.26744,
2.8454645,19.192411,
-19.138617,10.528898,
-37.57113,-24.31417,
5.5602384,1.4006606,
8.561621,-37.84911,
-43.62118,35.316715,
-7.0299807,56.53649,
10.958544,12.436735,
-26.367508,3.5706613,
15.194576,40.418236,
7.029463,-5.608821,
-20.719122,11.257063,
24.777397,-30.671701,
-0.4703854,63.600334,
55.921616,19.492798,
-42.46075,25.187778,
-4.0061903,-1.876615,
-7.3574543,-16.41641,
21.796028,12.685786,0.0
36.48032,25.367493,
15.119761,-43.779655,
-2.2305021,-0.82636905,
35.460934,-0.06290286,
-22.51658,-30.625393,
-5.7610207,15.16348,0.0
-11.517802,61.108116,
-4.12573,-0.13430582,
-10.299494,-15.957841,
-15.100939,0.7098914,
-29.954222,-33.578896,
28.814005,17.767717,
-6.8409863,-26.086563,
-16.952608,-6.280235,
-42.72671,-11.42651,
5.2064633,12.187641,
6.5803776,4.0379953,
-16.17765,-5.7244887,
-19.937572,60.47351,
-7.7436714,-9.768993,
31.032352,-7.041613,
2.955056,23.467535,
5.0985484,47.561993,
28.960995,17.999952,
-15.225258,-38.801872,
-14.255514,-67.19282,
8.835955,-26.644424,
-20.289074,27.383472,
-13.729795,-29.916855,
-13.436889,4.772145,
-30.366617,-6.9107656,
-1.6424037,24.872355,
9.582309,-42.13628,
28.704163,6.5523534,
-0.2262337,-23.021833,
-11.629172,52.95073,
20.604933,44.908043,
27.496473,-30.007595,
-16.136427,11.879302,
13.427366,-39.650986,
15.526891,-15.16264,
20.597872,43.1592,
-14.088882,10.687301,0.0
-2.349593,31.051682,
-18.261864,-39.240475,
-2.1781769,-10.97997,
30.432528,-3.9125845,
1.4417851,7.339546,
-0.6096526,-51.057747,
-3.2070756,-21.97685,
-7.902642,55.77253,
32.932034,-30.794239,
-11.029484,-39.84042,
47.505978,3.5249693,
1.9575609,-34.773335,
0.1355106,-2.8733141,
-26.489525,-53.407925,
-6.7599034,-21.211449,
-22.693218,-47.722622,
33.54332,2.4527752,
12.945508,11.682089,
30.187124,-32.393013,0.0
-11.855775,4.287277,
-23.340801,47.056076,
9.273662,13.275214,
-22.45745,-31.851482,
-17.696955,16.212198,
-7.7771587,-19.95834,
-12.882055,-49.841698,
-50.433075,0.35043043,
3.8828962,-10.94471,
-3.9239619,-33.415497,
-7.8706503,7.9259005,
8.038381,12.276263,
14.547934,-21.613161,
32.766315,-29.56101,
-6.040461,16.081438,
-0.62014556,66.06705,
26.43978,-53.811855,
-37.095142,4.665207,
-11.845419,-14.501022,
-18.187744,34.018654,
15.587511,-37.977924,
7.33288,-6.0447054,
14.035193,43.35385,
18.686281,41.93125,
31.898058,8.552967,
-8.049477,-45.232162,
-4.2616267,-44.720757,
1.3519769,-27.966106,
-24.140333,-36.8497,
30.943415,-0.7801106,
-14.751339,-55.280846,
2.2969584,-26.383566,
-14.073494,12.237496,
18.672377,12.780218,
8.131632,9.304667,
10.718698,22.383728,
11.1348,17.442198,
-6.165984,54.580677,
-2.9370804,-5.8450975,
19.102015,40.248943,
-11.325755,73.0635,
-20.012634,-15.943543,
-12.331661,-12.664505,
32.919983,4.6812754,
20.978981,4.732765,
-15.171101,15.279141,
56.558506,19.294237,
-4.0073967,3.9428883,
2.465722,-5.251241,
-51.567257,0.77338237,
-24.075588,-46.402374,
10.4429655,61.984562,0.0
35.49268,1.4729261,
-6.6494923,33.441338,
-54.361782,12.892652,
20.851425,-42.524906,
-50.7805,0.35027167,
-6.2521515,-12.37781,
-2.5806024,-30.845182,
0.7335844,53.522465,
-17.608463,-57.71036,
11.734888,-26.486996,
47.278355,-23.733616,
-31.741896,-3.5853162,
-40.14742,0.21950138,
-3.8007116,56.76427,
3.0201294,-53.13878,
-8.270216,-38.48738,
37.901096,26.925276,
5.3529825,27.547977,
10.557882,27.291647,
-10.336586,13.440123,
46.903854,-0.31203187,
10.705788,-28.628696,
44.280537,-24.695421,
-30.760218,-28.286482,
-30.92887,-27.39975,
25.92596,-13.499232,
7.025293,11.861151,
11.134985,-20.932613,
-40.689194,8.013894,
16.01139,-6.256081,
-7.6092153,60.655914,
-17.78141,-57.286434,
-14.073091,21.080238,
20.195822,3.2922647,
18.347982,40.73885,
-9.799367,-60.563618,
6.7054024,9.383171,
-19.172567,7.0812016,
-10.638288,61.21568,
-31.37081,56.310658,
17.338335,26.953737,
17.152391,5.4314585,
60.101532,1.2084358,
36.398705,-7.2766337,
17.714315,42.194942,
-16.384682,-35.930256,
31.225304,-30.311424,
32.390686,-8.742417,
-30.229946,-34.03906,
-22.041063,-56.965942,
-18.351252,8.096176,
-0.21394318,-17.353798,
-30.950237,11.216056,
30.050425,-30.975813,
-9.6096115,62.231342,
-13.5670395,28.57223,
-6.2719865,56.265507,
21.875233,-49.28744,
6.615998,-33.435707,0.0
-7.911617,-36.41269,
2.113631,-31.803488,
1.42494,-47.185173,
7.88651,-21.003487,
-13.203279,53.704025,0.0
-23.483746,-14.613363,
-3.8333342,12.0563755,
-38.233795,8.197747,
-13.324387,-31.521141,
-15.6552925,62.777412,
20.80125,35.007202,
-39.89458,8.13611,
6.571687,-13.606569,
-0.3888782,-16.920593,
18.247152,25.98591,
-19.641205,20.083956,
37.320644,9.674045,
-18.352085,14.095344,
-11.404771,22.430813,
-27.074972,18.619213,
9.4313,-42.056217,
-12.445608,60.139328,
14.193288,27.361006,
-9.97434,20.479643,
-19.149555,-35.469524,
1.3534688,54.268944,
19.105171,-21.41403,
-13.060035,12.201632,
14.959452,8.371071,
21.367922,1.394177,
20.238266,38.983856,
16.138248,39.191128,
0.3410825,-30.670206,
21.3698,-19.220097,
23.933493,38.13344,
9.449985,-21.592218,
-29.261206,-16.684874,
-13.535217,-21.905977,
-13.653879,-15.402703,
4.1551523,20.382751,
1.4494108,6.077332,
-24.347933,-48.16879,
20.797297,-25.528288,
-9.23983,72.05832,
-17.551191,17.79146,
17.716534,54.888153,0.0
-39.809925,-40.102554,
-19.115051,15.946733,
3.5390038,-20.687113,
-12.897251,56.841473,
37.331696,-23.682413,
-13.895097,-9.464751,
4.605099,8.412371,
-0.051268257,-43.039505,
42.049927,-27.841162,
61.778996,2.030847,
44.759544,-27.361502,
10.389089,-0.5897803,
-8.187049,-54.113403,
46.264774,34.4467,
51.99831,-25.163034,
5.4697094,-26.969944,
-9.103039,38.921627,
17.152903,43.47591,
-25.434725,-3.6256595,
-10.251945,6.6986885,0.0
-22.374895,-12.253621,
3.2362728,6.217881,
-13.277704,13.220864,
-12.314902,-39.98666,
-19.772602,-35.20482,
5.6183343,-15.098806,
-18.04558,55.873165,
-21.532675,63.53634,
-14.406314,13.397231,
-28.63569,17.644812,
-18.17337,-13.0968685,
10.784798,-7.7463083,
-20.412981,59.946857,
-1.5845402,-10.841194,
-9.955629,-22.657345,
-8.196721,-33.994576,
61.447166,1.7284698,
29.204563,-1.0885746,
-27.60101,2.289948,
-2.3452659,-55.072956,
7.3434753,6.0178533,
-14.69253,0.025369234,
-7.7353797,-32.33216,
-10.785263,15.224122,
-12.786251,-11.588612,
-10.324907,-53.15985,
-14.556196,15.774558,
-1.0842202,19.94956,
-11.422814,49.06181,
4.5296206,-29.909817,
-49.120655,3.2162497,
-8.149089,-51.178776,
1.9886197,-1.0138732,
18.99538,39.18431,
-32.167114,20.05403,
20.588142,40.057827,
-31.5202,-24.940678,
23.155098,-42.112247,
11.279494,-27.014086,
3.0821662,11.966609,
44.42632,-23.25121,
44.865143,12.149935,
-11.113168,51.354897,
10.743538,62.712837,
-2.9967062,-53.59217,
-35.17951,3.0298185,
21.254332,-7.976828,
-11.841219,-40.34047,
3.899617,-31.585785,
-9.330686,-15.474638,
-30.732618,3.8207061,
54.011536,-13.005782,
35.92432,2.7648356,
14.79056,-39.208824,
57.41846,20.421429,
-10.643404,47.573505,
6.689501,-24.708307,
-3.752291,-1.7866853,
2.587201,38.549873,
5.5380764,-18.350605,
-42.938507,-21.491297,
-4.2290144,-31.604683,
-11.475547,-6.536538,
33.98834,-47.338554,
-21.733889,-57.09323,
-25.424175,25.511404,
-8.759876,53.883938,
-0.6639893,-3.7693567,
12.25746,0.14372846,
11.77555,47.671658,
-8.731829,53.43166,
-14.684774,7.211412,
-32.765373,-24.021805,
-17.738222,-51.526886,
-16.49259,-17.58596,0.0
34.524426,25.950499,
7.370179,-28.28121,
35.09077,40.383617,
-5.176331,-31.499289,
37.393677,-1.8498598,
6.271159,27.704226,
-18.6971,-37.551617,
28.293049,27.12333,
22.073685,-6.1615744,
23.092905,21.265154,
-3.5745509,-29.47504,
-22.147213,60.59498,
-29.073238,18.937838,
-5.2277417,-51.672523,
-54.155823,-20.973766,
44.82045,-26.746405,
1.4388249,9.761291,
-9.265106,-27.170723,
-3.8240185,9.63488,
40.942776,17.754004,
11.903056,-34.330685,
-4.1772866,24.585526,
8.365707,-21.31819,
6.541953,20.10516,
16.742014,-21.8424,
55.929276,-10.266201,
13.310727,-53.082905,
4.597109,14.298417,
-0.7930787,19.051651,
-10.298814,-3.8385608,
-14.820806,-55.46971,
-33.31267,41.510544,
-7.819491,3.7285879,
8.129432,-27.126968,
-16.183914,58.020573,
-13.029062,-28.671959,
3.55656,42.237293,
2.3937106,53.569103,
-36.766697,-4.6698,
18.77504,6.006679,
3.8804882,-9.91827,
9.034918,-66.64914,
-11.961441,56.03437,
-0.38902786,-49.934273,
-27.746494,-41.77509,1.0
5.3467927,-19.960342,
29.219442,7.5085487,
2.5990896,-5.364538,
-5.243513,51.18591,0.0
-31.2151,56.095764,
-0.5431492,0.7156288,
-11.335106,49.399155,
32.870285,-21.39046,
-30.14402,-41.21278,
28.017849,35.704887,
-3.3160434,-10.252332,
-10.751879,20.137205,
16.36486,26.035872,
-23.674723,-36.340958,
-3.3941538,-24.50537,
-4.7245,30.790339,
38.449688,5.4097915,
-17.211693,-36.644817,
-7.044672,-52.100834,
16.637737,-56.748585,
48.777905,-1.4202204,
-2.4596844,-20.65925,
-16.516397,53.86321,
-17.379032,10.922645,
-13.590307,-66.76013,
-4.207468,-3.4877617,
7.623639,10.979502,
-13.664997,-51.139378,
6.0466976,15.069679,
-3.0815997,-54.534634,
-14.005908,55.689,
-1.5997016,-5.374112,
28.133009,-21.101603,
-10.249773,-9.1733055,
-16.270275,4.3177037,
-8.632269,71.24366,
-30.498468,31.946709,
30.775604,-8.6705475,
10.25371,-23.37539,
-12.1082945,54.433292,
1.5426016,-39.508408,
-13.003421,-19.759432,
2.4407876,-54.10744,
5.1007276,4.3269277,
-4.096689,5.5896864,
-44.534058,-4.6268144,
-11.560585,-30.82996,
-1.5721353,29.437855,
22.926641,-23.125952,
-7.7046213,-4.5946455,
3.4303203,-12.557781,
41.948616,-12.974818,
32.539875,-30.77191,
-9.352151,-49.132797,
35.41909,27.33742,
33.98796,-47.33958,
20.181334,41.6423,
37.99505,29.443756,
2.5002446,61.536762,0.0
21.501122,-33.225407,
-31.010075,-25.879921,
-16.55515,2.4271824,
-10.106015,38.260513,
42.48169,-25.261843,
18.751602,11.434414,
-54.150017,-21.036346,0.0
-7.6683483,72.63366,0.0
4.687813,47.17789,
-19.477262,-18.254353,
-13.580487,29.162392,
-26.962704,-19.90748,
27.408257,-20.751692,
3.1602137,-15.602195,
33.498524,-15.965309,
6.745032,3.0746708,
5.8178835,8.046016,
7.0319943,24.143425,
-17.041815,-37.08521,
17.160196,13.194727,
-0.7802113,65.276115,
46.567036,-23.721598,
-24.71901,-32.92002,
-0.9190293,-28.544159,
23.514227,-8.12139,
61.952168,0.89982426,
-4.255315,-21.668694,
-16.384184,59.101288,0.0
1.5080708,38.724304,
-4.534406,51.04021,
-5.2123556,35.09067,
21.39757,44.14131,
-39.72245,-40.089035,
16.1727,-56.111984,
6.259091,-29.663456,
4.4702287,17.158,
3.1790798,38.02185,
42.039364,18.479921,
2.9778945,66.67984,
31.951569,9.9856205,
-13.061243,-41.13261,
-19.999342,-26.67985,
11.182873,-15.82064,
-37.007797,5.1535935,
-22.593687,-2.2102737,0.0
-8.256183,-9.325452,
-35.592777,-10.9529,
32.729603,-30.945272,
2.2892344,20.230984,
-16.27264,-33.504,
6.6806006,44.07861,
-12.160194,60.926254,
-8.575365,4.1507206,
0.813342,63.520256,
-1.7090429,-7.320318,
2.1847901,21.980766,
-30.561354,32.040913,
32.89207,-2.23218,
-12.664425,5.6466584,
3.9365478,18.417665,
7.7444654,10.354481,
30.942972,10.605608,
-10.375414,-50.380077,
-6.583169,-14.7008095,
9.985757,-19.041973,
-8.917402,-34.06694,
-3.7085693,-8.609599,
-20.660046,9.491187,
-17.59547,54.705452,
5.0909476,5.3348722,
22.133781,40.569168,
-15.756629,-48.627037,
8.596969,-41.549168,
-30.872477,4.0616603,
-11.759042,62.34171,
33.11496,-16.804804,
4.8717775,29.17525,
35.822407,1.426304,
-17.548866,-52.978687,
-61.263535,-9.11123,
-50.892956,-0.1848161,0.0
-31.473042,-25.24451,
9.534783,21.922606,
8.132297,-36.532642,
37.92637,-15.669912,
-22.587128,40.635403,
8.523924,-23.676435,
12.792895,-53.99784,
-2.2925863,9.436002,
-11.847911,-23.378653,
-39.901062,-25.9382,
-9.058631,6.6047244,0.0
7.587898,-25.966488,0.0
-15.406013,-27.496227,
13.823338,6.965907,
-1.3446858,-57.31732,
-21.67271,-20.987013,
40.526615,-4.164524,
-1.1365967,31.02622,
16.516396,45.313953,
-4.1603436,24.58592,
-31.416143,-26.372952,
-22.67348,-2.2289922,
-9.2888975,-41.36263,
-34.81726,12.984654,
-34.12993,7.172316,
-28.836388,9.505517,
-19.45833,-31.815813,
21.708658,3.6346004,
3.0983953,27.868887,
2.512175,-52.22867,
-7.740375,-48.215897,
-10.526153,-42.84375,
-7.714766,-23.08694,
-17.327702,-41.58656,
12.713116,-0.66104424,
-12.517041,54.159515,
39.335983,-4.59248,
31.984812,10.68952,
-50.4572,-0.10033259,
17.289223,55.15148,
-6.0184646,-54.74794,
46.819225,20.113306,
14.83152,-3.255296,
-6.935951,-31.234592,
10.412243,3.7389457,
-14.308828,57.902557,
38.106544,-1.5515628,
-13.722123,43.32983,
0.6370921,64.953186,
0.3744176,-63.5432,
7.6341195,-33.1831,
-28.718323,-41.269123,
1.0775082,-22.517445,
54.76911,-10.316701,
-19.963331,-1.1611893,
-20.630465,-50.59956,
-3.2458947,-21.305954,0.0
7.328472,-3.5267081,
12.814169,-29.44613,0.0
49.38906,0.1896319,
10.44235,4.290231,
35.32633,27.416222,
-9.336845,-36.929317,
-12.184166,11.210683,
33.385544,-33.577065,
-3.5594122,-60.534576,0.0
3.29704,-6.6332574,
-9.500085,-48.709614,
31.93201,5.516409,
15.700508,-10.624552,
-3.4883761,7.9718914,
-29.34747,42.551743,
6.720865,-51.837616,
-50.61478,-11.384842,
16.866,11.262099,
-5.5292335,-32.272438,
-17.440435,50.58881,
-10.948932,15.497952,
36.745247,9.247801,
30.5388,-9.221152,
-21.10134,2.5306087,
-19.965813,-40.580204,
-12.744096,6.3835206,
55.789677,-12.464425,
-7.940389,22.90489,
2.256745,-43.34211,
-20.141253,-15.311183,
-12.803857,53.902794,
7.031302,16.752182,
-15.920719,-44.73381,
32.98456,1.5054992,
4.1471267,-2.9335723,
-9.04854,-29.386982,
-16.286322,-2.5455565,
20.530901,-23.929857,
-7.342042,-40.10535,
-6.8153872,8.256438,
31.967308,-18.209538,
42.01393,-27.45595,
27.71871,0.1253856,
-50.816475,1.3582001,
-22.895473,56.439,
35.25722,-2.4750905,
-25.383429,-4.873792,
-8.055059,-55.879307,
0.52547735,-6.2974496,
47.13935,1.2063462,
21.613497,-42.904556,
-7.098731,-1.3105601,
-12.545551,-65.9213,0.0
12.712582,20.16728,
-1.2121396,-30.060326,
-6.6279125,-58.47187,
-1.578803,-18.458065,
-28.646303,-16.156466,
-6.8825326,8.938026,
-26.827036,10.596777,
25.775438,-13.565974,
-5.5531907,21.170135,
-22.2974,-23.981121,
-5.660633,-9.540058,
-19.513218,-30.291237,
-31.481651,4.1534405,
15.59561,5.436982,
-9.781795,-33.062172,
-2.2897763,9.671133,
-60.601677,-7.412374,
-7.1133227,71.2354,0.0
-17.242374,12.594023,
-21.63228,-37.241188,
46.568386,20.525608,
5.4950557,18.267483,
-15.778326,-48.866726,
-14.757491,4.3976665,
-13.228799,-67.05665,
20.38985,43.15556,
-1.9333637,1.2309961,
0.91221225,-9.518099,
-11.860655,0.5703243,
-25.066826,-26.658085,
-2.1997068,-3.8721964,
-20.41681,-10.569713,
2.3165736,14.722755,
-7.064948,58.81221,
-31.463652,-23.589954,
2.3005888,-25.802507,
27.121058,38.299343,
5.550427,-11.297489,
55.44358,-12.138888,
-4.5558786,-39.231087,
-2.3877645,21.717335,
47.19442,1.2526795,
-5.9273844,-57.09156,
-11.718813,-47.380875,
-2.1213589,29.49514,
1.984691,-35.137398,
16.017956,-14.333543,
24.573095,36.014732,
11.569399,8.514986,
34.245785,-0.5739972,
27.3401,-23.473377,
29.3379,16.869347,
3.365645,-45.616043,
-17.933048,47.52077,
-1.2126585,57.0604,
19.832472,-10.129159,
5.658518,27.504852,
19.04166,35.043354,
18.30666,7.7750907,
-39.159733,-40.35996,
7.4811215,-23.917873,0.0
-4.152042,-36.951958,
26.044659,13.770179,
-5.779906,-6.1709175,
-2.8309937,-35.655468,
31.538723,-31.8488,
-15.58186,4.4408703,
-5.3913894,-24.463318,
-3.0858293,30.472836,
26.305546,11.297944,
0.11038637,39.099865,
-7.2252684,12.490116,
29.694456,-1.8456826,
4.622019,-40.91524,
-12.731053,0.58900285,
-5.511611,6.6489134,
31.245075,3.5994992,
13.064212,42.88165,
22.972816,-23.12002,
-2.6824942,65.3403,
-31.93851,0.66962063,
-9.353352,61.16873,
29.692923,-5.4986944,
-10.193837,-14.392666,
-60.52337,-7.0853505,
-43.21824,34.07829,
-7.789555,-42.57642,
55.356186,-10.120411,
30.566462,-33.826153,
-6.8145475,8.806262,
19.997194,-26.717793,
12.655845,-15.107696,
-18.822884,53.427147,
-10.0418625,-31.194565,
27.543272,-19.919031,
-25.875214,4.119057,
-9.436764,-58.413933,
-48.50986,4.4722624,
4.2196765,24.625092,
-11.108755,-51.021103,
10.423209,-59.234093,
4.9267344,47.213726,
20.799587,6.4181075,
16.636732,-56.749054,
-0.4407041,-22.73044,
16.0596,11.454169,
4.997532,45.571644,
-19.09885,-15.13321,
27.7034,-33.03648,
6.7679086,46.05918,
0.23619495,22.502682,
-54.373947,12.838648,
13.318599,11.707501,
19.664135,-28.86055,
-10.372187,54.802868,
35.221664,-33.17805,
44.281517,-25.14884,
-10.659813,7.4704213,
32.54177,4.0117745,
2.8507607,-15.279335,
-23.803297,-4.0971985,
32.923416,-3.7035246,
28.92197,-37.45098,
-27.021759,-9.461957,
-19.99324,-33.570045,0.0
16.745275,-29.293013,0.0
2.5470824,-17.511265,
3.6560142,-30.01821,
1.378848,-46.94609,
0.278851,-53.63813,
46.62173,-21.777296,
6.8943734,-23.160372,
9.30492,25.344854,
-19.770092,58.612583,
0.6599835,63.222008,
1.4821804,-29.650282,
-31.847233,31.815798,
15.927579,2.679198,
-1.6601471,-26.21468,
-14.540865,-34.480587,
38.477905,29.432241,
6.8833275,-35.215828,
-20.18027,-32.005848,
-0.9642113,-56.641544,
3.8860707,10.286184,
23.593601,8.744085,
-14.21076,-61.123405,
-18.189472,34.03525,
3.887041,-58.297142,
-1.4116721,5.6376233,
62.319405,0.69872403,
9.986198,-31.235868,
-5.4432993,44.943977,
-0.3231602,64.56476,0.0
-14.320888,-36.90971,
14.371791,-24.066803,
35.149796,4.555642,
35.7563,7.881788,
5.225156,22.449528,
29.75023,-37.58188,
16.811188,-4.1580853,
25.444773,11.138747,
16.180798,-1.8929545,
56.54351,20.18677,
-21.036495,4.6487784,
34.238834,-27.57862,
32.89152,-17.17852,
5.5561814,-4.020382,
-8.740985,-45.75875,
5.114253,10.810344,
-29.657457,-12.3752,
37.928642,-15.6745615,
-19.592339,27.052923,
33.98387,-47.34381,
-26.99686,1.3127517,0.0
-11.052328,-46.475513,
7.4108257,7.1166306,
-3.1346726,51.20292,
-1.0962666,-56.808407,
-32.029854,10.8748045,
36.18187,26.35403,
37.068336,2.1940243,
-35.28076,6.6268396,
-23.679707,-35.750526,
-40.986233,-23.97009,
1.2156882,56.68349,
21.82997,-43.882774,
-2.5573156,-20.698936,0.0
-16.924164,68.28562,
13.584177,31.291925,
14.975237,10.329228,
-11.114871,-37.743332,
-9.680428,-25.454384,
0.7935896,-55.839138,
13.39762,0.78436196,
-5.1649046,-50.563026,0.0
39.37048,3.320399,
-20.152746,1.7827792,
31.431433,-2.0094492,
3.0610545,-38.092968,
32.867443,-32.822266,
-21.382696,-43.254585,
-22.244146,-30.673203,
3.6956146,-25.108364,
-44.535023,-4.6183157,
-10.31304,60.910595,
0.71423733,-58.2788,
-12.308742,-15.40401,
7.3346977,-52.50384,
10.676301,7.36063,
-23.741531,-0.20652393,
1.3107061,61.074455,0.0
-6.5020504,23.391775,
-4.1125937,19.489553,
12.174896,-38.33022,
-34.087337,4.0596957,
31.910503,7.768383,
-6.359841,27.340609,
36.826126,9.224269,
23.325241,43.467243,
-9.072712,-59.930435,
0.55617785,30.272654,
2.8672092,63.003586,
-21.333965,6.4603825,
27.652409,-32.815716,
-12.711706,44.42258,
-2.1082623,6.7225885,
12.962855,23.697681,
0.15546975,6.462794,
-5.800769,-53.283524,
1.5371408,-50.16958,
12.537322,-18.720247,
46.865055,19.908928,
14.013101,-1.181095,
-8.046786,10.795573,
-31.330894,56.108868,
15.878338,-51.261436,
4.0330877,-41.338356,
1.4864852,53.57074,
54.89358,-12.951107,
1.8276429,2.521744,
1.6419744,65.260376,
-31.346167,-16.574951,
9.64369,-20.570835,
14.690469,-10.638406,
-0.69162625,0.7223194,
-22.364773,-43.175213,
-22.086428,-2.1530623,
-43.852448,22.64233,
-12.130727,-56.549385,
-19.286783,-36.39238,
-19.450964,-45.9982,
-4.282344,-20.955229,
-21.212948,-14.940747,
15.690439,25.820024,
-54.153214,-21.009119,
-4.6118917,-48.604603,
-36.97939,10.802361,
-23.553864,-36.349895,
17.538456,-22.188223,
-5.506239,49.77728,
29.274471,1.4746678,
14.979295,19.747795,
7.622094,-23.85045,0.0
-13.861408,56.053997,
-12.878904,-17.759863,
49.27824,0.54738885,
-1.9248607,-63.84374,
33.385773,-7.616686,
-29.519484,-15.599729,
22.04002,4.3826513,
-16.962456,6.527524,
22.701647,41.085747,
2.877498,7.2222605,
34.796448,-4.951862,
11.207775,-20.312536,
-20.315125,7.428223,
30.57354,1.6854813,
-1.352714,5.756131,
2.0550835,23.191038,
34.315456,3.7671077,
6.6797175,-16.827347,
-19.868137,58.29079,
4.137161,-25.788242,
29.620605,-30.828081,
-10.654105,3.0154066,
17.161478,5.5104933,
17.410706,18.014874,
15.713036,-24.144173,
-20.141138,-32.64396,
-13.563705,-26.232042,
21.39189,44.40215,
-17.24185,10.810294,
-10.356323,7.1201663,
-16.502945,-29.468586,
1.3754069,16.64687,
17.273857,-14.622069,
-14.895592,-6.421311,
-11.666307,-53.069153,
-12.215732,14.48916,
-8.943691,-18.794704,
-37.331676,2.5815518,
13.010813,-24.880667,
-6.565069,-32.851227,
-7.7893414,-4.6489587,
19.657774,-7.7038746,
8.508631,-26.066704,
47.794933,1.0278126,
-6.9045753,-20.681942,
1.4089773,13.368162,
-35.13469,5.0920067,
6.220419,10.617824,
22.662851,-6.956003,
8.727484,-16.918858,
-5.3892937,-39.42901,0.0
-11.108938,16.12052,
-13.970022,60.880753,
26.881983,2.8790386,
7.12935,16.305454,
41.902348,18.975872,
2.8204615,-10.600548,
11.708987,-22.001905,
30.359373,4.45664,
-24.608381,-6.036031,
15.18245,13.7978735,
-12.211583,-20.574503,
-2.6945317,-26.018606,0.0
-35.878784,-3.3623383,
-12.986204,20.848194,
1.8421943,-12.403776,
18.83795,15.444982,
-4.0062227,15.954506,
-11.027605,-9.645253,
19.664389,-9.296069,
23.116552,35.67319,
0.49086836,53.48599,
-17.418617,-25.314604,
0.51103956,-3.9154093,
4.6279364,2.2752616,
-15.069705,49.629887,
27.779156,-31.034563,
6.1183844,45.63298,
-44.434143,-21.604055,
15.593572,42.075558,
2.9599762,-25.226963,
16.468925,36.139183,
-36.503693,-4.398095,0.0
8.087877,4.0501957,
11.542938,-0.42332187,0.0
5.2677784,-38.073864,
51.88841,-26.680758,
14.341334,-0.04627829,
46.284786,-23.603344,
-20.603643,9.859257,
13.527995,-31.09103,
-5.2371993,-28.788359,
63.250046,0.8963752,
32.417316,-31.14154,
-12.740266,62.01645,
-6.340273,-35.45338,
22.937292,-8.633434,
-42.227917,20.528269,
21.049883,-8.438868,
-16.436628,14.59152,
17.260042,44.39922,
1.7070247,38.372646,
35.441498,-7.67271,
10.131349,37.544262,
2.1920588,7.190464,
0.19336757,10.783153,
-5.2252192,-57.354557,
-22.729458,58.3611,
23.471413,41.56012,
-8.315718,-6.1248097,
46.366024,0.8919195,
17.4158,32.143887,
5.2844863,-35.878403,
-25.819363,5.155958,
30.585981,5.05623,
21.952648,39.70117,
-14.245733,58.23285,
42.345703,-25.198355,
0.13465363,-8.421203,
-11.497983,7.2265115,
6.667646,-7.179025,
2.880843,15.775608,
16.410599,-12.491192,
16.849598,-0.16550027,
22.7201,-8.470584,
-50.594193,-11.536417,
-18.37921,-30.467182,
-38.938,3.504723,
21.222528,36.674397,
2.0679607,-14.193178,
-8.299418,-43.805256,
0.39563084,21.16018,
5.561431,-51.604412,
-20.154453,49.337975,0.0
24.40352,42.66643,
-35.550587,-16.912548,
-9.243777,40.55065,
8.100378,-37.181137,
-4.052318,34.445484,
-21.166798,-17.084705,
-1.4558941,-59.413357,
-10.253728,5.1088552,
27.129131,18.032488,
-34.665718,6.285506,
16.818771,-21.186338,
-19.359932,-25.865665,
-27.488308,0.04724788,
-22.829395,-6.7601295,
-15.81146,-49.27979,0.0
9.123351,-5.714336,
-15.506429,-28.622606,
18.392376,39.228363,
15.710182,-34.03967,
32.195778,14.995858,
-2.9049885,29.828815,
1.6443264,8.149528,
-3.397525,29.097586,
-17.663496,-34.374878,
0.26088792,64.19716,
-5.3274727,3.6344209,
31.901316,-34.73165,
2.898866,22.815557,
1.3210148,5.462909,
-4.3295283,-50.062294,
-2.2047298,15.957364,
21.490808,-49.683464,
27.876768,14.052344,
7.87351,-50.420322,
-9.129998,-36.932343,
-7.270509,-43.257664,
-1.9867558,-37.707752,
-0.004601527,1.9394944,
22.555336,-6.5300646,
-55.02708,-5.796773,
6.796737,29.18879,
37.84255,28.267525,
-12.665163,-18.460655,
-10.8763075,-37.824512,
0.9704963,-14.821377,
10.013352,-59.4016,0.0
15.583062,-10.594269,
-16.57407,20.735697,
-9.619284,-2.7990432,
-35.535763,-16.934618,
12.426588,-12.482252,
-29.44029,5.865793,
-36.2419,-0.80242693,
-3.383816,29.167149,
-27.19756,18.572094,
-8.037403,-45.70354,
-41.728195,-23.936731,
-3.1473966,14.404287,
-39.95624,-39.97053,
-10.647384,11.8734665,
-5.88675,18.330553,
55.128212,-10.25299,
-7.462599,72.12998,
2.4003854,19.935413,
-12.9259815,-38.409576,
5.9839525,-15.086835,
-30.310463,-17.284874,
-17.416714,-30.303164,
16.918186,26.943571,
-31.381369,-24.919245,
-25.01171,-47.569103,
21.283024,-27.825897,
-6.3998575,-45.718967,
-17.302437,14.408488,
8.338231,2.1402564,
-6.0188174,-57.376163,
-26.622202,2.3983676,
-9.672914,-2.9106247,
13.334742,1.0694118,
-13.600726,57.235523,
-17.764223,60.02682,
1.1286103,22.621645,
17.01434,8.761724,
-10.063356,-18.387218,
-13.505818,59.712963,
-35.64761,4.289488,
8.36948,-40.435577,
-2.9480658,6.1769156,
-38.705612,20.766012,
16.032894,38.208218,
-17.044893,6.3221493,
-12.694257,18.187887,
1.3027529,54.85005,
20.868677,10.214166,
46.858597,2.0430763,
-19.049643,-51.579414,
-10.197689,-42.553684,
52.62107,-7.3690534,0.0
-11.762625,17.79417,
34.358887,3.651797,
-33.429867,-24.04491,
-7.497705,-56.748802,
-55.010174,-5.793269,
-20.12829,-50.2602,
1.4427341,19.448326,
18.81727,15.400808,
6.6147823,7.055144,
33.702297,-47.54479,
38.05098,29.292158,
17.932955,7.2254257,
5.5066876,45.75765,
16.037403,27.684057,
-1.9067922,-55.594215,
41.980785,17.498802,
5.0578012,-51.2904,
-42.96657,33.62879,
9.042132,-12.222126,
34.535027,5.610969,
38.19922,6.4207397,
16.071976,-50.814785,
37.3608,27.680258,
30.712727,5.052013,
13.493368,-21.474403,
12.457297,-1.9139768,
-11.673603,-29.723854,
-10.900552,-9.630317,
-15.762891,-17.368626,
-3.9799912,-57.81594,
7.691615,-7.4729056,
-14.815819,58.536755,
-31.467081,32.301758,
-1.3755879,10.819422,
1.2151964,63.968525,
-13.242599,14.559368,
-5.911975,14.485209,
-3.9283905,-37.29952,
-10.420763,-17.107971,
14.189478,-53.77813,
17.125134,14.292163,0.0
14.040302,-26.680748,
-29.903269,-35.25401,
33.03299,-5.445415,0.0
44.588657,12.19077,
-15.4177475,10.460002,
-0.67384887,-11.186243,
1.7103032,38.327717,
-2.0901995,-45.585384,
4.5905666,-8.412493,
41.901108,-12.9790535,
-14.524912,-46.66689,
10.087006,-26.791021,
-30.054829,17.626749,
-61.672985,-7.4342384,
-54.3714,12.763793,
-10.184602,-24.19283,
-9.839246,54.282402,
-29.43928,10.9503355,
-13.740175,60.25688,
36.032795,-30.421474,
-13.253169,-39.866432,
31.420279,7.020998,
-10.364664,-40.159,
-13.5075,-25.186428,0.0
5.929651,-29.865156,
1.7916669,10.640171,
-4.133294,-51.520115,
34.28837,0.6250876,
0.5267518,64.86395,
-2.335605,-12.609813,
21.83938,-3.1616135,
-4.709575,58.310165,
-17.859713,-0.72293204,
6.1766014,-33.428276,
0.5571698,40.0766,
-0.2874927,13.109042,
36.171597,25.487413,
-16.858973,57.131676,
44.53214,12.193157,
8.491814,-20.130825,
-14.822019,-12.96639,
-2.2105274,3.6783345,
-43.457066,34.519966,
13.313788,43.712345,
-8.0027,-43.48156,
-31.953913,0.75019956,
-14.256913,6.3214307,
-12.165815,-43.78981,
-19.166737,7.177422,
-8.501324,10.762938,
19.097572,-6.598243,
-5.3096995,50.239143,
1.742227,0.030645933,
-19.429892,-25.611124,
0.4589729,10.028281,
13.774308,6.8812537,
7.5490856,-42.318203,
-29.21249,-32.3372,
-8.748798,-47.277218,
0.49475667,-21.468107,
2.6729307,5.4763813,
5.7581506,19.080738,
-8.489418,3.0502949,
5.786951,-10.012815,
-1.5452266,-12.654684,
20.398956,-23.17489,
-20.49294,-15.982471,
-38.97136,-39.87986,
10.380606,-59.247986,
-42.92649,20.226274,
-7.1003256,71.12648,
-30.038244,-7.478963,
0.6677727,-1.0935335,
-9.188961,56.017597,
23.855293,8.64919,
-9.157847,50.9987,
3.5517142,8.271821,
-40.444828,0.72848773,
14.653435,-33.686398,
61.555435,1.4686652,
3.5738513,-5.5848255,
-18.811712,-8.008119,
50.591557,0.6747899,
-6.5730777,59.284626,
-6.7226253,44.372627,
27.607399,-9.729746,
-41.66801,-19.73521,
-12.235709,8.209447,
39.359715,2.927861,
10.454233,-3.529215,
-40.879322,-25.41845,
1.2799721,-25.030403,
-24.467617,-33.32936,
-20.704449,-12.355519,
15.960545,-19.76269,
3.7267938,7.7049494,
-9.964022,-54.862133,
-5.1156483,12.648551,
0.5340333,25.309065,
-22.725023,-56.489773,
-24.083414,-3.3195143,
-33.32046,41.507633,
-1.0980823,-16.205986,
26.217113,19.51702,
21.225462,15.561775,
16.055689,2.8918161,
-5.2771673,-58.8783,
45.87649,-23.662909,
58.16673,19.80071,
-50.82837,0.5094427,
62.94093,1.00121,
-0.28297415,-9.970747,
36.280514,-32.890503,
32.202564,14.998799,
13.085625,-0.19152783,
-20.507374,17.818892,
27.430065,-2.3103771,
-13.426259,43.55761,
6.592254,-20.992413,
14.400889,21.814096,
-18.504616,-41.730167,
4.412339,-11.998302,
37.97602,24.088364,
10.185968,2.1919637,
34.001472,-14.950296,
1.3174307,-14.860796,
-7.0101104,-55.401592,
23.196001,-9.18228,
17.130598,-12.754123,
-8.2702,-57.2773,
34.86578,11.816228,
13.482761,43.588333,
-6.056511,-3.519858,
-2.6888537,-4.3397846,
11.653606,-30.140085,
-13.71525,-48.160294,
-3.7165692,-49.591183,
13.65477,3.05209,
2.9399865,-53.01701,
-33.9764,5.674888,
-6.6971393,-31.576468,
47.919933,2.2297204,
-12.614674,58.717506,
21.929855,-1.8941859,
47.497303,1.1754352,
36.39274,-2.4119933,
7.2844563,-10.590825,
13.459479,-1.1408484,
10.162988,-14.352347,
9.264929,-33.518745,
-43.241028,-20.760681,
-2.5310543,-31.094307,
10.132608,-23.13962,
-5.591494,-16.501665,
-22.748278,-15.872896,
1.2232714,53.983433,
21.944061,-9.263048,
-1.7863929,-15.340408,
9.747921,16.784132,
35.08186,40.386604,
12.596639,-1.0431098,0.0
16.682127,11.267612,
-8.347472,-0.98577195,
1.2715245,65.631424,
-26.149984,-6.6835904,
17.321037,27.398642,
-2.644474,-40.158947,
-20.731417,-12.489777,
43.665028,-22.075037,
4.47556,-4.6823196,
-10.251859,-52.603382,
29.545843,-1.2607555,
-16.519102,-26.916351,
-1.4063243,4.229222,
-28.40992,-40.29183,
-4.8098946,-33.496143,
-25.215574,-25.133284,0.0
51.20385,-11.070735,
6.3572173,17.55317,
1.1709104,-19.241682,
-9.604641,56.329243,
-32.763474,1.5102007,
54.048443,-11.965685,
-21.926094,10.360667,
10.019104,-13.866675,
32.77474,2.4485948,
34.714367,-47.022385,
-12.506918,2.1743002,0.0
20.331152,-43.226044,
-12.559384,-46.158043,
28.777405,-37.50788,0.0
-8.490601,14.585734,
14.784675,42.58718,
3.0643768,1.356515,
-28.817608,-39.295616,
-11.956698,-53.895027,
9.079701,-47.247826,
2.9945838,12.576982,
13.78728,4.316319,
-11.963662,-52.8367,0.0
-31.337519,55.063744,
19.948238,37.145752,
6.926783,5.050423,
-10.4725895,19.865074,
-14.092439,-51.331425,
12.853683,-4.876969,
46.259148,-21.754274,0.0
6.3103666,-23.09853,
10.443116,62.06029,
-29.867233,10.214441,
-13.933908,3.266207,
5.8944526,17.553717,
33.798923,-7.6496425,
-13.166263,-66.31838,
-21.311693,59.381363,
-30.846092,-31.648882,
-19.569572,62.250675,
11.286921,-15.63428,
14.332031,0.25441507,
19.44244,13.178103,
38.105907,-22.62624,
21.46139,-5.910264,
45.678146,0.24184135,
-10.378306,-32.834435,
-5.6179533,58.814365,
-8.911363,61.53275,
-7.203292,-36.411625,
37.202858,-5.4501996,
9.226312,-66.89393,
-14.895929,-2.4168983,
-23.324299,47.06217,
-4.5449634,-5.142991,
55.05104,-13.302715,
19.208654,43.82485,
-18.296038,-28.354557,
11.633346,47.867516,
-28.549795,1.0954243,
1.7572165,39.027046,
36.565796,6.646891,
-11.163283,-25.276546,
-36.090546,4.3245945,
-7.8225646,-54.15572,
-22.33613,54.61504,
-5.2211266,10.809564,
-13.577492,29.253712,
0.5897866,-25.765718,
-19.29418,44.350292,
32.767403,-32.69039,
-26.0361,-47.408207,
-0.54097253,-32.76872,0.0
45.197414,-28.587362,
-43.31003,34.76884,
19.490686,44.36233,
61.377033,1.7137915,
4.306167,-50.164257,
9.069508,-17.482195,
-18.578611,-40.626816,
-28.260798,-30.481022,
3.6253521,-24.416412,
31.585283,-33.172848,
2.0833716,17.776957,
36.114346,2.4905145,
15.539894,-25.74494,
-32.60504,32.41136,
8.154104,-37.09128,
-29.256416,-42.334534,
-10.545867,22.154732,0.0
-24.880617,-27.329538,
9.178684,-3.2878556,
-13.366325,43.493256,
28.062954,-22.79059,
-6.9738827,6.3031526,
-8.59465,72.97873,
-39.81279,-26.999521,
6.351853,44.574554,
-10.883883,12.028979,
-5.160695,-10.097592,
37.45609,1.2680993,
-6.8939576,-39.11916,
-35.537956,-16.933844,
17.40441,-25.559933,
9.795853,-42.47215,
6.8249187,18.870113,
16.782019,9.5554285,
-50.853867,-1.452699,0.0
1.7265413,-12.3953285,
-5.6673875,-30.141613,
-2.441204,-51.46357,
24.536789,43.660866,
-16.397846,-34.316685,
41.74969,-26.629553,
36.429794,2.777986,
2.1543136,38.073704,
5.4558063,-25.914967,
-12.6375885,-39.998825,
34.077152,2.890254,
-1.2563055,-0.40656054,
-37.76207,7.6633954,
6.015557,24.515112,
7.603281,25.646803,
16.406984,-27.04001,
-3.0108783,-55.681286,
3.2739725,8.258457,
-20.927362,48.85264,
-9.920477,-15.723575,
-16.636396,-38.892204,
-8.896129,-53.74226,
-14.272217,-37.50101,
-37.825657,4.5001755,
7.439785,-24.641266,
-13.903768,14.130975,
2.8497224,-10.753043,
15.277517,15.879517,
27.546234,4.232224,
-33.33901,10.37672,
-36.232758,-0.7319557,
5.1812177,-27.452843,
27.276527,-8.055923,
-15.7481575,51.388073,0.0
34.789078,2.6067765,
21.423302,44.113132,
-6.1386094,27.917849,
-48.404446,4.2475157,
-8.984418,-15.270305,0.0
36.82221,-22.638735,
10.958221,-15.060748,
14.407707,-7.9877787,
21.32938,-49.845222,
-9.403764,51.530437,
-1.0361174,19.688114,
17.57114,26.47606,
-26.430258,-20.872282,
13.129574,16.897566,
-0.81155324,4.1848197,
10.569917,-28.182058,
-27.543562,-39.684868,
46.594425,20.412949,
-1.8074998,-53.36503,
-42.842594,-25.303404,
-12.194212,57.788647,
-7.432931,-28.390015,
-17.797909,14.119421,
-0.3106704,-2.25424,
1.9509177,24.450642,
-6.7091937,56.8545,
3.0737429,-38.081165,
-0.4799434,-16.560762,
44.084236,-28.518665,
-22.627388,8.528675,
-4.9719367,-47.03582,
19.85556,-9.255962,
-29.70508,42.50603,
33.202385,-19.378263,
-8.676483,-42.093918,
-12.235255,57.888084,
-9.015189,-19.918644,
21.196693,-6.7289343,
-0.8836712,-40.323658,
21.795664,38.03577,
4.332381,3.6504,
-12.054489,-6.957983,
-29.9055,18.914995,0.0
12.981872,-54.1763,
-13.203139,52.691174,
1.6082743,10.640377,
17.73766,11.840083,
-7.8875723,-42.148514,
31.27342,10.475213,
1.6037217,-7.740499,
41.905,18.681995,0.0
-0.24132816,17.72476,
2.6798804,-21.501144,
-25.314186,-34.147858,
-22.785246,-55.334824,
17.467737,45.455666,
-10.387044,52.582146,
-12.642929,-45.991188,
11.319032,15.011713,
-13.03688,58.126804,
13.713707,-4.766114,
-3.022017,-42.107452,
-36.666885,2.437696,
-8.172374,64.04878,
7.367238,-29.212378,
6.446805,-33.812416,
-12.944943,-4.587543,
17.51547,40.371277,
-16.991785,49.723812,
-5.682625,51.51181,
20.68808,41.972546,
-14.636817,-34.9639,
27.719713,-20.778002,
20.117992,41.301857,
41.918507,18.14085,
20.307386,37.455883,
51.892166,-26.69821,
-28.7636,-18.328941,
0.7700212,-55.934708,
36.14601,-5.2650495,
-14.779102,-46.14684,
27.096346,6.4436812,
-18.181377,34.38656,
-29.310173,-34.69165,
-5.762609,-49.72682,
-8.017994,54.69827,
-27.105942,3.3505638,
48.88261,1.5402728,
-20.285965,-28.731228,
-7.177387,71.30155,
-4.0666003,30.567667,
-35.593307,-10.976344,
36.373558,28.32612,
-25.328667,5.992852,
12.567153,-27.58463,
-0.9844596,48.084427,
-2.9119294,-15.153347,
22.267912,42.565018,
57.11004,-11.666566,
-18.160234,-39.834858,
-24.331457,60.31564,
16.37945,-9.771561,
49.493347,-0.6612413,
-24.130894,-3.8602192,
-22.234692,-16.925371,
-26.664997,2.2121124,
0.47009686,5.786092,
0.92038393,-10.165295,
1.0364387,27.550182,
31.42608,3.6549544,
-24.475754,60.29941,
30.378735,3.252882,
-11.96204,-21.505396,
22.708925,-10.759695,
-39.962555,5.966392,
-2.062665,-48.9805,
-40.815956,-24.44591,
-11.117634,51.148495,
11.713194,10.533013,
17.971392,41.570683,
-43.215137,-21.663195,
3.0520895,53.1506,
-14.710601,55.982216,
-34.804916,3.990491,
1.1160349,25.127663,
2.6775498,11.490688,
26.61873,17.414618,
-1.1742578,25.091087,
-18.6258,2.6361024,
-12.798642,14.750474,
35.87973,15.359298,
17.039642,-23.349857,
32.084183,4.773148,
-22.984526,56.485687,
-3.2259085,8.068954,
-13.815661,-50.51965,
0.54099965,11.985395,
3.0030932,-3.9804852,
-8.468171,57.50273,
-35.19646,7.356254,
-3.7311335,-16.438534,
-12.865268,51.51937,
8.526317,-15.88891,
11.2644205,48.431618,
1.267511,-1.6749254,
-17.660803,-35.204796,
-2.6555095,-17.195759,
-44.4221,34.553154,
7.25321,-36.95642,
5.530904,-12.087857,
-14.777697,-36.38842,
1.0066584,4.7617254,
-13.391558,7.7485275,
-14.793533,-33.26414,
3.8261976,-54.06227,
-31.31685,-8.877821,
5.619542,3.070034,
32.453335,-28.05825,
0.17116223,-23.498308,
-18.54373,9.966272,
-39.10433,19.479288,
-9.491111,-27.227753,
5.503237,-24.788935,
-5.1582847,50.677288,
-2.6984935,8.737206,
23.187325,-25.639927,
-29.389574,17.750313,
-10.913203,-52.37574,
-8.41213,-40.86868,
8.704637,-6.653043,
2.8799152,-55.397278,
11.939405,-50.319023,
1.1830556,37.01006,
-32.642174,8.459017,
-42.0848,19.090227,
2.6498587,12.928417,
5.1714697,13.075091,
14.328777,-38.583202,
50.629704,0.59966695,
19.487638,42.227547,
46.988857,0.48766088,0.0
-7.013174,6.5677357,
43.700977,-13.314039,
-10.00839,-51.047802,
-13.63763,-23.116514,
13.18395,-28.137383,
-61.155235,-8.166363,
-24.831612,-47.723286,
-6.3624496,33.577183,
13.13869,5.099869,
18.880981,41.110863,
-30.625547,5.3324556,
5.770403,45.648632,
-9.35436,-5.111035,0.0
7.213971,23.297756,
-10.535254,45.353596,
-4.23526,-12.429323,
-7.3136373,46.657566,
-8.85221,-22.977573,
-18.073719,59.959667,
-6.997102,-52.387997,
57.65715,18.746254,
-30.679129,9.843102,0.0
32.040306,-28.656992,
15.635686,15.387411,
3.3368137,0.4360617,
0.77305436,-4.836183,
4.529929,-41.011253,
-18.065718,55.253098,
28.206543,-21.66336,
33.034924,8.065074,0.0
-15.36157,17.345535,
27.022482,-13.543975,
-0.67802405,-32.80761,
-3.1932406,54.15333,
-12.249352,-39.19587,
-1.8947572,17.615005,
-4.9967103,-33.28797,
-3.2085402,-24.422834,
11.117223,-42.224857,
-42.082348,-9.689985,
-36.07756,0.2753464,
19.663765,36.563766,
-6.817729,-62.666172,
-35.186,4.469481,
54.451416,-8.499853,
11.250691,19.082073,
-10.295134,-51.998436,
5.919993,23.579031,
-5.30322,-5.174063,
-15.6517,-3.4485302,
15.334162,-27.47786,
-20.561678,17.778847,
17.741804,39.228306,
-61.11365,-8.553594,
-5.5903673,27.726631,
45.312912,-21.824884,
5.1609993,-6.49888,
-39.680695,7.15213,
16.10271,-50.797195,
-3.0481408,-13.793445,
15.433477,-25.396732,0.0
44.445972,-13.489601,
0.08472069,61.68078,
4.7241216,62.877666,
3.9128213,-49.562473,
28.102934,27.32588,
27.635054,-10.6007805,
-4.9928217,60.330036,
61.41151,1.2801385,
-24.758806,32.585293,
0.9917543,38.10597,
0.3520782,-37.182472,
14.814612,38.951786,
2.6916754,-21.679106,
12.975151,-29.471516,
-14.336325,59.360847,
18.110981,37.058884,
10.045632,37.507683,
-15.092856,-23.204487,
12.877311,-9.149556,
20.093584,-19.200874,
32.70683,4.1812754,
11.983499,18.116684,
-21.091255,59.63851,
-42.306618,35.471107,
2.156852,9.6506605,
-0.23786452,7.325539,
3.7363374,26.190329,
56.44186,20.002611,
6.7114887,-5.4679427,
-10.566903,2.4476671,
-14.660263,-43.74461,
-1.5558114,-24.311552,
17.199444,-2.119971,
-1.3773348,11.351489,
-42.516926,24.898466,
57.690758,20.376476,
-6.5000386,28.4403,
12.227114,44.15372,
-7.203717,43.942524,
-1.7648555,-55.69,
-50.43467,-0.48221612,
10.335851,-46.882584,
1.6374196,21.452526,
13.859808,-23.089191,
2.791739,-17.908823,
-13.0864105,11.655719,
12.589262,31.941942,
-14.804103,-20.7212,
30.473045,-1.9811064,
-15.48414,32.299183,
29.863285,-15.703968,
1.8485028,38.64065,
44.807148,-28.025284,
-4.7914214,15.682348,
-21.520508,55.470478,
-6.748207,5.063129,
17.593061,21.161486,
-29.365604,-23.653229,
-12.503681,9.824056,
-8.781948,55.31441,
-30.228685,32.164276,
-19.223696,62.30674,
15.797283,-0.06257488,
-1.3758444,-37.170612,
-8.191072,5.527625,
-7.9404182,-17.618687,
35.86146,3.9000332,
15.379581,-6.1638155,
19.969915,18.926815,
-31.447226,8.539897,
9.457334,15.120835,
12.596393,-61.10694,
-14.603943,57.176003,
38.3232,-1.4602231,
-39.43119,-27.706005,
-14.554312,-51.777977,
-0.60616744,-0.6335186,
-2.9319525,-15.329023,
-43.296753,34.629025,
-33.309067,41.508545,
-17.090141,-22.070532,
-13.860082,48.819286,
-0.42733398,18.218204,
-9.007727,-21.495726,
-3.5525146,56.635788,
-30.258656,6.755238,
0.09398218,68.14541,
-6.934366,60.301758,
2.7063334,-50.04675,
-17.463802,-52.902176,
-8.092949,8.056143,
4.920914,-9.759011,
51.852707,-26.67119,
5.5182786,24.549458,
27.636112,27.931488,
3.8982282,19.775854,
18.270016,8.0193405,
34.939327,7.7075295,
-28.653505,1.0360235,
9.017528,10.18294,
-26.825027,4.9039807,
-19.856318,20.658497,
43.977974,-8.236144,
-36.080986,9.824358,
3.6604085,-19.911892,
19.185804,42.98061,
-42.10026,-10.325212,
-11.832126,-23.505705,
-8.018903,-2.3883424,
22.85771,17.508312,
35.42533,24.962143,
21.14577,32.42916,
-19.585062,-38.663666,
6.672196,-19.701372,
-21.050125,4.724373,
19.117622,-0.75853366,
-29.686754,-16.448345,
0.19771136,-0.41213444,
15.616866,10.924113,
16.791279,40.886982,
-23.571743,-4.626134,
-19.255417,-14.600182,
-8.05814,72.06672,
-3.813939,-21.666054,
-10.112585,4.0806327,
-8.218277,-6.5708547,
51.67457,-10.848771,
-2.1223323,-58.699272,
26.82522,18.186106,
46.28324,34.32459,
-12.455369,12.919769,
1.8373125,-8.279296,
18.779259,-31.909796,
0.8334154,11.915349,
-30.601883,-31.751759,
-13.3529415,58.926754,
-7.880203,0.6881157,
11.977298,-34.338264,
-50.45079,-11.613752,
-10.738135,37.74491,
-40.143093,15.032969,
-7.214838,-41.594902,
2.5272956,-0.18943238,
-1.9088093,-8.7740135,
-42.440914,20.72061,
27.706903,28.31651,
42.345333,18.377604,
10.75237,62.66759,0.0
-12.311342,-33.108467,
25.644602,39.497143,
7.979966,14.22299,
21.52083,43.35967,
7.5469985,33.215252,
-5.957869,44.54283,
-11.274373,-19.69999,
-15.69496,12.265436,
-0.89622104,-28.399801,
-22.86336,-36.79902,
-8.598175,19.568628,
36.141987,23.811104,
-10.264653,-14.35929,
-20.399693,58.458496,
33.069866,6.337063,
-8.88675,-29.360146,
13.579279,-7.989603,
6.234795,13.637524,
0.5756029,30.28528,
12.49434,31.94869,
-19.052423,62.42735,
2.2174404,63.198555,
0.51435465,3.141574,
21.106157,2.1411176,
-14.707124,59.797768,
-15.146866,-50.80852,
-4.8915033,60.965946,
3.3194654,28.777115,
-23.79678,-33.39345,
30.733036,2.1410213,
-11.684705,15.964283,
-4.838259,57.159718,
22.814606,-18.670288,
2.5366259,9.971127,
7.968744,-5.489688,
37.349182,-23.251013,
16.406057,37.034893,
3.276486,-28.284788,
-60.62762,-7.127588,
-17.130783,68.43559,
-40.66441,-27.93414,
-9.549565,70.206436,
30.397476,-3.7930863,
-13.480387,5.610469,
1.2862318,39.52194,
-0.25841165,-44.943935,
6.5986133,0.81922203,
7.234705,-47.98501,
-2.760338,10.720847,0.0
5.11899,22.106325,
21.77251,21.664118,
6.662405,13.253228,
-6.637761,57.13683,
37.52213,24.564123,
-2.8962111,0.46121,
28.50643,-20.815163,
-15.644565,-5.9021606,
-8.814718,-17.818338,
11.3219795,-23.264956,
9.361457,13.308845,
6.5092635,13.629698,
1.5392059,10.905012,
-0.44143033,15.956799,0.0
27.27497,12.834137,
10.000803,-30.660053,
2.4668102,15.026811,
25.884619,-20.507053,
24.18165,-17.33088,
25.069418,11.120845,
-42.556797,13.667467,
-1.0455834,-40.420143,
4.3669806,-16.606514,
-5.422322,-17.57124,
-10.69792,-56.65071,0.0
56.51007,20.766779,
22.165203,12.751087,
-20.618935,-14.730966,
29.634098,-19.280416,0.0
17.598059,21.156046,
-6.4480906,-59.7453,
32.087547,-2.8082118,
24.135908,-6.4301043,
-40.927204,1.4647244,
13.007458,-28.23683,
16.88882,11.983193,
-31.966137,20.370375,
1.5960433,11.783257,
-13.479409,6.556597,
-35.663074,11.9361315,
14.96505,-14.046004,
21.93103,-7.8962145,
-3.4725394,35.011868,
54.608795,-10.104303,
-18.816174,-8.002754,
11.101978,-24.356285,
27.363214,-35.363937,
-9.652,55.67606,
-5.016218,51.720795,
-34.454697,7.2580166,0.0
23.403599,15.240782,
-10.739922,10.286984,
25.029657,27.472933,
7.7936683,-28.155762,
20.256697,2.2925637,
-9.272803,-49.28027,
-10.802982,-22.356434,
-16.978043,-41.508663,
29.623257,0.1863686,
47.011723,19.759954,
4.6965,7.0726323,
-7.192456,12.89334,
-41.61673,-21.706356,0.0
0.30750394,-1.2523723,
10.1941185,4.8540435,
-17.535803,-19.701176,0.0
1.2986239,39.593338,
30.403261,-32.859722,
-15.101136,61.366703,
-24.402575,14.203211,
1.9243277,62.32978,
-12.202952,58.648777,
-31.212652,31.49993,
-60.369656,-7.3060384,
-10.444258,55.96176,
-9.566837,-47.42441,
5.433602,5.146799,
47.684048,1.5251116,
-14.307202,-67.265205,
-22.641064,-31.470312,
25.936768,3.052122,
6.4892025,-31.036837,
-59.947536,-7.5202556,
-25.165554,-25.978174,
51.909416,-26.687963,
23.23381,42.67003,
36.08583,26.38223,
6.1821313,6.2243967,
5.6694593,-2.0492592,
11.915054,-19.315405,
52.972477,-7.535543,
8.976324,-30.211794,
-11.340624,73.06741,0.0
-18.535343,0.73759437,
6.269137,-28.279955,
19.56602,3.6614892,
-42.752163,-24.969301,0.0
5.581125,8.825023,0.0
-35.594902,7.2433968,
9.347498,-9.324168,
28.881083,2.9106655,
26.892487,6.5311337,
4.5729933,10.046983,
32.086758,2.6061006,
6.2666287,-21.956503,
6.267456,19.593418,
37.11637,27.95982,
3.1399372,8.161042,
20.160412,-27.049356,
-25.224964,32.56751,
4.801094,-6.9342866,
33.347424,-18.962906,
-1.1854213,-11.38337,
-31.06482,32.488598,
10.384398,16.939985,
-20.157063,-13.5538225,
-31.416328,55.898113,
6.1814795,23.733124,
37.414227,-23.089748,
-24.161854,3.6866705,
10.559558,9.603593,
-50.711884,-11.237643,
-16.795795,8.695329,
7.9202905,15.515958,
38.95443,2.4502149,
-2.5271833,-2.9497776,
20.451021,10.270813,
10.889251,-35.481014,
-41.45833,-19.279392,
20.721424,-15.225797,
4.5035686,-0.5439336,
-29.69113,-32.656006,
22.40373,-11.080811,
34.30124,-1.1214391,
12.076132,5.4206676,
-42.398643,-11.302628,
9.158206,25.12927,
-18.696438,1.2633938,
-3.03948,65.43975,
-12.584824,-12.672386,
-39.95293,14.753978,
10.175576,5.692718,
13.012393,18.624474,
33.866062,-31.71037,
-7.691797,-49.61305,
-4.8400483,61.199688,
36.66883,25.390406,
-0.4427017,26.059069,
-22.001934,-14.032772,
-32.41241,-25.314846,
-1.0348128,2.8560834,
-2.9983501,-27.49453,
-10.160202,-27.206963,
61.573578,1.9718595,
1.4172058,55.849102,
14.544735,-52.755634,
-9.057571,1.2379205,
23.90252,43.81582,
44.371998,-28.154722,
-7.7532296,-50.870655,0.0
55.6978,19.597502,
-13.327243,-21.55226,
-40.666786,-21.245447,
11.190742,-19.93455,
-42.055527,19.959946,0.0
13.040008,-5.894195,
-18.800848,-35.4196,
27.287685,12.978986,
-9.248756,-21.256208,
-13.965958,5.0941224,
-13.176545,63.93544,
30.618113,13.727139,
-10.651546,-13.633049,
-6.560266,-49.03546,
1.6080251,20.213932,0.0
15.675239,-37.989647,
-35.600945,-11.118919,
-22.892277,-15.896527,
12.097154,-49.67278,
-2.3912134,-55.59361,
-9.781309,53.525623,
-2.78423,-43.05384,
-17.790775,10.857306,
8.164065,-19.641346,
3.6926014,-2.47052,
35.060497,40.39576,
-3.941299,-33.45419,
-39.489616,7.344365,
1.5949029,64.09515,
-40.819637,-25.504694,
-5.908883,-39.334347,
-2.9585717,-51.438133,
